;Paris;Brest;Nantes;Bordeaux;Marseille;Toulouse;Lyon;Clermont-Ferrand;Strasbourg;Nancy;Paris — La Villette;Reykjavik;Bordeaux — Lac;Le Puy-en-Velay;Grenoble;Ajaccio;Lille;Caen;Perpignan;Annecy;Dakar;Bangalore;New York;Le Caire;Tokyo;Ushuaia;Sydney;Longyearbyen;Singapore;Moscow;Mexico
1940-01-01;1.42;2.92;2.86;2.02;0.69;1.74;1.26;2.21;1.25;1.15;1.42;3.52;2.16;1.44;0.79;1.70;1.14;2.26;1.62;0.77;0.00;0.03;2.09;0.11;0.14;2.96;1.71;1.61;2.25;0.93;1.78
1940-02-01;1.73;2.30;1.75;1.42;0.74;0.98;1.84;1.75;1.86;1.75;1.77;2.36;1.38;1.49;3.16;2.90;1.31;2.19;0.92;3.69;0.00;0.07;4.35;0.07;1.23;2.66;1.37;1.61;1.06;1.24;0.06
1940-03-01;1.78;2.49;1.99;1.13;0.27;0.92;1.70;1.69;2.10;1.99;1.84;1.99;0.95;1.54;2.07;0.83;1.84;1.45;0.57;2.91;0.00;0.02;3.43;0.13;1.07;1.77;1.92;0.64;1.16;2.29;0.46
1940-04-01;2.59;2.42;1.76;3.17;0.55;2.78;2.81;3.27;2.93;3.25;2.30;2.95;2.42;2.52;4.08;0.90;2.48;2.51;0.82;4.69;0.00;3.83;5.06;0.08;2.49;2.30;1.82;0.82;5.30;1.06;1.58
1940-05-01;1.36;0.73;0.92;2.08;0.49;4.22;2.06;2.25;2.72;2.21;1.21;3.85;1.37;2.53;4.71;1.41;1.14;0.62;0.85;4.00;0.02;6.56;4.78;0.00;1.46;2.10;4.66;1.43;8.24;1.30;4.59
1940-06-01;0.85;0.51;0.55;2.32;0.37;2.81;1.96;3.06;1.46;1.65;0.79;4.27;1.88;4.07;2.58;1.67;0.65;0.16;0.83;2.73;0.05;4.85;2.16;0.00;3.89;2.19;1.48;1.16;4.44;2.26;4.77
1940-07-01;2.07;1.93;2.40;2.90;0.03;2.20;2.45;3.09;3.56;3.53;2.25;2.85;3.26;1.61;3.64;0.26;2.33;2.51;0.46;5.60;2.93;6.19;2.92;0.00;1.09;1.02;0.78;0.37;3.79;4.03;6.38
1940-08-01;0.09;0.12;0.06;0.20;0.01;0.52;0.65;0.76;0.90;0.73;0.08;3.92;0.12;0.43;0.65;0.40;0.36;0.18;0.05;1.67;8.18;8.09;3.16;0.02;5.03;1.80;0.64;1.55;3.68;2.06;4.45
1940-09-01;1.32;1.54;1.57;2.64;1.03;2.28;4.75;5.91;3.00;2.88;1.27;2.69;2.50;4.66;3.09;1.25;1.82;1.50;0.96;4.62;3.35;3.48;2.49;0.01;6.51;1.39;2.42;1.17;5.41;2.87;1.55
1940-10-01;1.97;4.29;2.75;1.85;2.17;0.93;2.43;1.97;1.81;1.41;2.07;3.36;1.57;2.40;2.28;2.18;2.00;2.66;6.84;2.26;0.31;3.19;1.59;0.14;2.72;1.46;1.54;1.93;3.65;0.86;1.23
1940-11-01;3.41;5.83;4.10;2.46;1.38;1.68;3.26;2.45;3.08;3.85;3.57;3.17;2.63;1.89;3.68;4.88;4.30;3.52;0.25;4.31;0.00;1.06;4.24;0.67;1.83;2.11;2.61;1.22;6.98;1.41;0.97
1940-12-01;2.01;2.12;1.44;2.14;0.94;2.76;2.03;2.61;2.80;2.89;2.09;4.50;2.09;2.21;5.64;3.96;1.58;2.35;1.28;6.21;0.02;0.14;2.53;0.00;0.76;2.42;1.18;1.95;8.31;1.31;0.84
1941-01-01;2.35;3.80;3.26;2.80;3.41;2.95;3.17;2.49;3.53;3.72;2.29;3.47;2.70;3.18;4.77;6.33;1.46;2.05;4.34;5.36;0.01;0.00;1.92;0.00;2.28;2.54;2.01;1.06;4.92;1.10;0.65
1941-02-01;2.50;3.55;3.22;2.96;0.80;3.27;2.55;2.33;2.29;3.05;2.71;1.48;2.85;2.37;4.53;6.07;1.99;2.46;0.92;4.73;0.00;0.00;1.54;0.06;0.73;2.11;2.25;1.07;3.65;1.00;0.35
1941-03-01;2.27;2.79;3.08;3.38;1.17;2.02;2.96;2.65;3.00;2.72;2.07;2.04;3.87;3.23;3.25;1.61;2.13;2.22;0.63;3.30;0.00;0.94;2.35;0.22;3.76;1.87;1.00;1.38;4.88;0.89;0.04
1941-04-01;2.40;1.86;1.77;1.68;2.15;2.51;2.96;2.60;2.70;2.55;2.39;2.47;1.73;3.18;3.62;3.93;1.28;2.06;1.62;2.54;0.02;1.72;1.59;0.03;2.38;2.17;10.72;0.76;6.86;1.10;0.89
1941-05-01;2.18;1.37;2.62;4.33;1.15;4.02;3.55;3.99;2.75;1.88;2.13;1.69;3.56;4.05;4.76;2.08;1.69;2.26;3.33;4.83;0.05;3.33;1.83;0.00;5.01;1.25;3.46;0.88;7.67;2.86;2.03
1941-06-01;2.32;2.54;2.15;2.17;0.03;1.38;3.20;2.86;2.73;2.20;2.18;3.08;1.93;2.46;4.05;0.59;1.22;1.53;0.58;4.28;0.01;3.45;5.20;0.00;6.16;1.47;0.89;1.37;4.20;1.27;6.85
1941-07-01;0.93;0.56;0.53;0.76;0.01;0.34;0.95;0.55;1.03;0.85;1.11;3.57;1.02;0.58;0.74;0.53;1.55;0.74;0.02;1.81;0.05;2.63;5.65;0.00;10.04;1.94;0.42;2.04;4.30;1.37;3.80
1941-08-01;1.23;3.07;1.63;2.12;0.55;2.14;2.82;3.82;2.86;2.32;1.14;1.92;1.88;2.30;3.33;0.23;1.57;1.98;2.28;4.18;0.73;5.81;2.42;0.00;2.70;1.29;2.37;0.90;4.89;1.89;1.90
1941-09-01;0.80;0.68;0.52;0.99;0.85;0.67;0.87;0.78;1.50;1.00;0.93;5.39;0.66;1.15;1.50;0.43;1.13;1.26;0.42;1.56;3.30;7.60;0.27;0.01;6.79;1.31;1.83;1.09;3.86;2.30;5.48
1941-10-01;0.97;1.07;0.51;0.54;0.64;1.00;1.15;1.69;2.96;2.35;0.98;4.30;0.60;1.22;2.21;2.03;2.81;1.55;1.05;2.35;0.55;5.35;1.17;0.01;4.04;2.02;1.96;1.53;5.00;1.71;2.77
1941-11-01;1.91;3.27;1.90;2.53;5.48;2.44;3.61;2.64;1.37;1.86;1.98;2.77;2.33;4.23;3.97;3.76;2.07;2.31;2.25;1.92;0.00;2.00;2.12;0.18;3.32;4.54;2.45;2.55;10.25;0.73;6.28
1941-12-01;0.61;1.00;0.59;0.66;0.45;0.89;0.82;1.13;1.40;1.33;0.61;4.55;0.66;0.90;1.37;1.84;0.78;1.08;0.68;1.68;0.00;0.56;3.96;0.41;2.35;2.85;5.16;1.47;8.05;1.94;1.66
1942-01-01;1.51;3.02;2.48;3.23;0.55;4.38;1.85;2.35;2.39;1.76;1.56;5.64;3.10;1.70;3.27;2.83;1.63;1.98;1.00;3.35;0.00;0.01;3.27;0.00;0.41;3.00;6.97;1.69;8.24;0.48;1.42
1942-02-01;1.59;0.63;1.34;0.89;1.97;1.50;1.93;1.85;1.54;1.39;1.52;2.19;0.78;1.95;2.44;2.68;1.12;1.23;2.34;1.72;0.00;0.05;2.35;0.07;1.20;2.24;6.43;1.08;3.06;1.17;2.48
1942-03-01;1.95;1.98;3.21;1.77;1.74;2.18;2.40;2.12;1.83;1.81;2.04;3.03;1.68;2.46;2.69;1.66;1.50;1.68;3.01;2.29;0.00;0.00;3.61;0.40;2.13;1.57;1.75;1.39;2.49;0.82;0.68
1942-04-01;1.41;2.31;2.12;3.57;1.69;3.90;1.67;1.86;1.62;1.21;1.24;3.61;3.11;2.43;3.04;1.04;0.84;1.29;5.28;3.28;0.00;1.07;1.90;0.00;1.76;1.40;1.81;1.19;5.37;0.72;1.08
1942-05-01;2.70;5.59;2.84;1.39;0.24;1.45;2.22;1.80;2.72;1.89;2.94;1.65;1.29;1.91;3.52;0.56;2.93;4.75;0.34;3.96;0.01;3.19;2.33;0.01;3.36;1.84;3.55;0.69;6.88;2.19;1.81
1942-06-01;1.42;0.71;1.00;1.23;0.10;0.74;1.18;2.23;2.90;2.28;1.30;1.25;1.35;0.63;1.90;1.80;0.72;1.05;0.26;3.37;0.01;4.03;2.53;0.00;3.65;1.41;4.44;0.94;4.92;3.60;5.13
1942-07-01;1.30;1.31;0.73;1.04;0.01;0.61;1.94;1.82;2.74;1.75;1.55;2.12;0.74;1.49;2.37;0.13;2.45;1.79;0.00;3.58;1.50;3.47;4.21;0.01;1.62;1.41;0.99;0.79;4.92;2.07;3.77
1942-08-01;0.62;1.82;0.41;0.93;0.01;0.75;1.15;1.69;1.44;2.00;0.50;2.14;0.89;0.67;2.12;0.10;0.62;0.57;0.89;2.53;10.38;3.34;6.21;0.00;2.14;1.24;1.56;2.05;6.27;0.55;4.12
1942-09-01;1.87;1.99;1.23;1.98;1.35;1.14;4.96;2.40;2.93;1.72;1.84;3.82;2.11;4.56;3.86;2.28;1.35;0.98;1.12;3.97;4.64;3.46;2.88;0.01;3.47;2.25;0.29;2.01;7.11;0.96;4.53
1942-10-01;2.12;3.19;1.24;1.74;3.20;1.45;2.67;4.40;1.91;2.42;2.00;2.16;1.59;5.00;2.41;1.79;2.05;1.98;0.72;1.79;2.03;8.25;3.39;0.01;2.32;1.59;1.91;1.40;7.40;2.20;0.66
1942-11-01;1.28;1.30;1.15;0.43;1.25;0.27;1.02;0.81;1.52;1.32;1.43;3.81;0.40;0.93;1.41;2.51;1.14;1.03;0.56;1.13;0.02;0.85;2.82;0.03;1.17;2.72;4.05;1.06;5.28;0.83;0.70
1942-12-01;0.71;2.33;2.17;1.26;2.89;0.99;1.30;1.71;0.92;0.92;0.73;4.19;1.51;2.15;1.48;2.83;0.91;1.73;0.63;1.12;0.00;0.27;3.96;0.11;1.11;3.21;2.39;1.61;8.09;0.96;2.54
1943-01-01;2.31;4.59;4.16;3.05;1.46;2.03;2.43;2.14;1.77;2.14;2.36;1.51;2.88;2.48;4.19;4.13;2.80;3.38;1.48;4.72;0.15;0.03;3.01;0.18;0.99;3.93;0.56;1.29;0.79;0.75;1.52
1943-02-01;1.18;1.97;1.41;2.37;0.19;1.98;1.76;1.76;1.82;1.52;1.14;5.68;2.36;1.44;2.47;1.70;1.01;1.35;2.60;2.87;0.01;0.01;1.69;0.02;1.15;3.86;1.09;0.74;1.52;1.01;0.96
1943-03-01;0.64;0.57;0.43;1.21;6.75;1.77;1.00;2.13;1.14;0.68;0.71;5.76;0.84;4.42;1.56;3.62;0.55;0.69;8.70;1.13;0.00;0.01;3.07;0.33;0.64;2.50;2.28;1.28;1.78;0.29;1.49
1943-04-01;1.00;0.69;0.90;0.92;0.82;0.61;1.40;1.59;1.62;1.65;1.24;4.54;0.71;2.10;2.70;0.84;1.03;1.04;0.76;2.55;0.00;0.48;3.09;0.19;1.33;1.75;3.03;0.84;1.35;1.33;1.73
1943-05-01;2.19;1.95;2.64;2.21;4.18;2.89;3.48;3.21;1.43;2.04;2.08;2.30;2.08;3.82;6.28;1.38;1.83;2.08;1.26;4.91;0.01;2.92;2.68;0.00;1.79;2.41;4.11;1.21;5.04;1.84;1.75
1943-06-01;1.42;1.03;0.49;0.85;0.06;0.80;2.04;1.57;2.82;1.79;1.38;2.26;1.01;1.68;3.25;0.16;1.57;1.48;0.33;4.28;0.85;6.48;1.96;0.01;2.69;1.75;0.65;1.58;1.86;2.24;5.72
1943-07-01;1.23;1.27;1.09;1.53;0.07;0.78;1.34;1.64;1.75;1.45;1.03;2.80;1.65;1.45;2.39;0.14;1.64;1.69;0.95;2.79;3.46;10.09;3.74;0.00;1.65;2.67;0.80;0.90;3.56;3.86;1.46
1943-08-01;1.27;1.23;0.38;1.15;0.05;0.49;0.64;1.78;1.89;1.98;1.33;1.98;1.34;0.79;1.64;0.07;2.47;1.22;0.05;1.95;7.27;4.38;1.84;0.00;1.80;1.09;3.35;1.08;4.25;2.36;2.92
1943-09-01;1.67;0.94;0.77;1.52;1.98;2.46;4.20;4.34;2.61;1.74;1.39;4.23;1.26;3.81;2.23;2.45;1.21;0.93;0.87;2.46;5.39;3.77;2.37;0.02;1.82;1.70;1.07;1.14;7.82;0.70;4.71
1943-10-01;1.78;2.69;2.51;3.12;2.84;1.46;2.12;2.91;0.11;0.85;1.69;3.68;2.43;2.86;1.18;4.32;1.45;1.42;0.94;0.86;0.68;9.83;4.67;0.54;3.64;1.28;0.85;2.32;9.61;0.34;1.85
1943-11-01;1.82;3.44;0.90;2.69;2.73;4.07;2.29;2.51;2.93;3.11;2.24;3.98;2.61;1.95;4.73;5.08;2.12;2.43;3.77;5.45;0.01;5.12;2.45;0.02;1.13;2.18;2.71;1.02;9.58;1.12;0.60
1943-12-01;1.03;1.63;1.27;1.41;3.70;1.41;1.33;1.28;0.97;1.00;1.09;5.75;1.50;2.25;1.55;5.69;0.79;1.02;5.65;1.42;0.01;0.85;1.26;0.03;0.47;3.38;3.32;2.47;4.48;1.25;0.41
1944-01-01;1.38;2.06;0.98;0.67;0.03;0.67;0.85;0.77;1.74;1.53;1.30;5.10;0.58;0.60;1.69;0.72;1.48;1.24;0.05;1.92;0.01;0.07;2.94;0.15;0.29;1.69;1.16;1.65;2.30;1.16;0.50
1944-02-01;1.15;0.95;0.52;0.96;1.67;1.92;2.37;2.89;2.08;1.46;0.97;3.59;0.93;3.00;3.22;2.85;1.20;1.03;4.20;3.28;0.00;0.21;2.42;0.02;0.58;1.89;2.25;2.88;0.77;1.04;1.81
1944-03-01;0.32;0.28;0.07;0.35;0.24;0.83;1.20;1.15;1.50;0.93;0.38;2.96;0.22;1.15;1.48;2.32;0.41;0.34;0.08;1.76;0.00;2.61;4.26;0.03;2.76;1.92;2.01;1.35;0.85;1.54;0.81
1944-04-01;1.63;1.90;1.49;1.65;1.20;3.95;2.60;3.42;1.91;1.75;1.54;3.07;1.34;2.73;2.03;0.68;1.24;1.39;2.95;1.82;0.00;0.80;4.71;0.03;2.37;1.53;1.93;0.80;3.10;2.10;0.39
1944-05-01;1.65;0.42;1.39;1.43;0.33;1.76;1.74;1.71;1.37;1.57;1.82;3.63;1.32;1.72;3.37;0.10;1.06;0.88;1.03;2.84;0.00;3.03;1.48;0.10;1.37;1.96;1.59;1.19;8.28;2.45;1.69
1944-06-01;1.05;1.36;0.83;1.60;0.05;1.78;1.48;1.55;2.03;2.30;1.04;2.24;1.28;2.08;3.06;0.65;1.99;1.33;0.40;3.27;0.17;5.43;2.43;0.00;3.47;1.48;0.68;0.35;2.47;0.66;4.76
1944-07-01;1.33;2.10;1.13;1.09;0.48;1.20;2.04;4.06;2.01;3.36;1.29;1.08;1.00;2.26;2.21;0.79;1.80;2.00;1.42;3.40;1.09;3.88;1.95;0.00;2.40;3.63;1.28;1.40;6.95;1.33;4.52
1944-08-01;2.61;1.76;1.99;3.13;0.31;1.34;2.98;2.10;2.05;1.54;2.78;3.48;2.21;2.37;2.42;0.39;0.54;1.75;0.50;2.29;8.30;2.13;3.13;0.01;2.28;2.53;3.79;1.41;3.30;0.52;7.14
1944-09-01;2.48;0.89;1.42;1.79;1.34;1.25;3.54;2.02;1.78;1.95;2.54;4.38;1.97;2.48;5.68;1.82;3.44;1.50;2.14;4.80;4.66;6.11;7.52;0.01;1.59;2.54;1.70;3.62;4.66;0.69;10.28
1944-10-01;2.89;3.04;2.30;3.77;4.17;3.45;5.30;3.57;2.95;2.48;2.76;5.94;3.91;4.22;6.16;5.29;2.91;2.84;2.61;6.57;3.83;5.79;0.92;0.01;5.42;2.47;1.69;1.52;7.51;0.43;0.80
1944-11-01;4.39;4.86;1.94;2.44;0.93;2.74;3.85;3.35;7.43;6.90;4.28;2.80;2.36;2.33;8.38;3.93;3.78;4.20;1.50;10.67;1.38;4.38;5.58;0.07;4.09;2.53;0.89;1.66;6.31;1.56;1.16
1944-12-01;1.56;3.57;2.29;3.51;1.77;3.84;2.35;2.96;2.21;2.08;1.47;4.20;3.46;2.59;3.22;4.37;1.42;1.85;2.69;4.28;0.52;0.82;3.20;0.23;0.80;2.32;1.60;1.88;6.20;0.54;0.38
1945-01-01;2.03;2.33;2.32;3.72;1.62;3.84;2.38;2.48;2.20;2.09;1.88;2.14;3.67;1.92;4.47;5.13;1.76;2.45;3.82;4.57;0.00;0.02;2.70;0.02;0.17;2.68;5.43;0.74;5.10;1.01;0.07
1945-02-01;1.80;2.03;1.32;0.53;0.14;0.78;1.41;0.83;1.93;2.10;1.89;3.86;0.53;0.65;2.39;0.70;1.75;1.84;0.12;2.92;0.00;0.00;2.73;0.14;1.70;3.58;1.73;2.47;7.96;0.88;0.58
1945-03-01;1.21;0.41;1.57;0.82;0.56;1.01;1.16;1.47;2.37;1.13;1.19;4.76;1.15;1.84;1.86;1.05;0.72;1.42;0.64;1.85;0.00;0.00;2.77;0.10;1.30;3.52;1.27;1.51;9.75;1.22;1.22
1945-04-01;1.50;1.33;1.51;0.89;0.40;1.04;1.05;1.48;1.48;1.86;1.45;3.22;1.54;1.05;1.81;1.14;2.07;2.08;0.72;2.12;0.00;0.57;3.54;0.03;3.06;1.96;4.22;0.63;6.27;1.09;1.15
1945-05-01;2.22;2.52;1.92;3.16;0.82;1.08;3.81;3.07;1.75;1.91;2.41;1.26;2.66;2.86;4.69;0.62;2.31;2.15;0.62;5.30;0.00;3.40;3.98;0.18;4.56;1.81;2.90;0.47;6.05;2.12;2.68
1945-06-01;0.75;0.86;0.62;0.77;0.02;0.35;0.17;1.21;1.15;1.03;0.88;1.76;0.84;0.22;0.46;0.05;1.52;0.94;0.13;0.71;0.06;2.45;3.38;0.00;5.51;1.49;3.37;1.09;6.40;2.46;2.37
1945-07-01;0.36;1.59;0.56;0.65;0.03;1.05;0.56;0.95;0.81;1.06;0.41;3.82;0.52;1.27;2.02;0.04;1.31;1.23;0.47;2.07;2.92;5.16;6.16;0.01;3.73;1.51;2.10;1.30;6.25;1.98;5.32
1945-08-01;2.63;1.93;1.53;2.50;1.97;3.22;2.91;3.22;4.30;3.89;3.04;4.18;2.04;4.23;5.74;0.58;3.27;2.87;1.52;6.15;3.13;3.04;3.72;0.00;3.14;1.07;1.02;1.45;6.79;2.84;6.26
1945-09-01;0.97;2.13;1.71;1.22;0.01;2.55;2.43;4.16;2.34;1.96;0.97;6.05;1.05;1.94;2.77;0.47;2.04;1.98;0.40;4.01;2.88;3.45;2.91;0.01;7.12;1.58;0.59;2.29;4.58;2.53;3.84
1945-10-01;0.50;2.41;1.44;0.84;2.92;1.36;3.16;1.50;0.96;0.76;0.53;3.87;1.06;2.15;3.53;2.57;1.02;1.43;2.17;2.25;1.75;3.26;3.48;0.00;8.70;2.12;1.06;1.37;7.30;2.02;3.73
1945-11-01;0.48;0.95;0.66;0.78;1.21;0.89;1.56;1.80;1.48;1.25;0.44;6.61;0.64;1.86;1.85;2.36;0.47;0.76;1.03;1.78;0.00;2.34;5.76;0.40;2.89;2.40;0.97;2.24;7.39;0.62;0.16
1945-12-01;1.88;4.14;2.83;2.85;3.16;3.02;2.69;2.48;2.45;2.29;1.97;1.68;3.24;4.00;4.95;5.43;1.74;1.53;1.25;4.12;0.00;0.00;3.14;0.16;1.93;3.54;1.00;1.71;4.72;1.14;0.09
1946-01-01;0.84;3.48;1.09;0.47;1.97;0.91;1.13;0.75;1.43;1.57;1.01;5.61;0.63;1.29;1.81;1.96;1.09;0.87;3.93;2.20;0.01;0.00;2.23;0.21;0.98;3.27;0.56;1.51;7.10;0.67;0.31
1946-02-01;3.04;2.57;2.10;1.48;0.75;1.25;2.39;2.18;4.20;4.64;3.15;3.54;1.48;2.47;4.70;1.55;3.47;2.83;0.49;4.77;0.00;0.24;2.59;0.04;2.86;3.74;2.58;0.69;13.81;1.63;0.03
1946-03-01;1.37;2.22;1.61;1.49;3.50;1.56;2.38;2.35;1.06;1.11;1.29;2.99;1.51;3.03;2.18;5.49;1.01;1.01;1.02;1.68;0.01;0.17;2.04;0.06;4.67;2.01;1.07;1.49;6.10;1.34;1.19
1946-04-01;1.64;2.04;1.70;2.58;3.27;3.09;1.72;2.80;0.92;0.66;1.59;5.21;2.55;3.22;2.28;2.44;1.14;1.67;2.92;2.18;0.00;3.42;1.66;0.01;1.69;1.78;3.90;0.70;6.23;0.81;2.35
1946-05-01;2.89;3.29;3.16;2.89;2.31;3.44;3.29;3.92;3.46;3.12;3.01;1.04;2.13;4.72;5.75;3.52;2.47;3.33;2.81;6.77;0.00;3.75;4.22;0.05;2.39;2.40;1.32;0.74;7.48;2.78;2.68
1946-06-01;1.53;1.63;0.76;1.06;0.45;2.58;3.05;1.26;3.94;3.18;1.71;3.40;0.85;2.30;5.71;2.15;1.84;1.50;1.09;6.34;0.02;4.03;4.11;0.00;2.09;1.48;1.95;0.71;3.46;1.27;4.81
1946-07-01;0.95;1.04;0.64;0.11;0.02;0.73;1.37;2.71;2.05;0.82;1.22;3.11;0.10;1.36;1.78;0.40;1.00;0.90;0.34;2.90;0.77;6.10;3.65;0.00;4.00;1.91;0.03;1.17;2.08;4.62;2.33
1946-08-01;2.07;1.66;1.67;1.26;0.69;0.88;4.86;2.53;1.73;1.20;1.99;1.71;1.25;3.91;3.66;0.03;3.30;1.40;0.65;4.92;5.59;3.83;3.95;0.01;2.50;2.66;0.53;0.76;2.47;1.22;3.09
1946-09-01;1.35;1.51;1.21;1.10;0.32;0.59;2.40;1.15;1.39;1.48;1.30;2.26;1.12;3.64;2.37;0.11;2.07;1.61;0.35;3.62;2.96;4.99;1.72;0.01;2.19;2.58;1.84;1.12;3.32;2.06;3.03
1946-10-01;1.01;0.94;0.88;1.50;2.19;1.16;2.00;1.23;1.76;1.26;1.00;6.07;1.20;1.93;2.80;2.85;1.06;0.76;4.43;2.24;0.86;3.15;1.08;0.01;4.94;1.87;1.84;2.89;5.65;1.59;4.43
1946-11-01;1.96;4.46;2.24;2.00;2.35;1.37;2.33;1.35;1.27;1.51;2.16;3.09;1.86;1.91;3.86;7.50;1.83;2.47;0.61;3.07;0.00;5.32;1.01;0.02;4.90;2.52;5.85;1.32;4.82;0.87;0.89
1946-12-01;1.61;3.26;2.58;3.17;1.63;2.70;1.55;2.18;1.64;1.98;1.68;5.27;3.08;1.87;3.39;6.50;2.06;2.02;1.01;3.47;0.00;1.05;1.83;0.00;1.07;2.69;3.91;1.73;5.09;0.45;0.23
1947-01-01;1.11;1.96;1.14;1.80;1.11;1.96;1.65;1.10;1.47;1.21;1.13;4.98;1.72;1.13;3.39;3.26;0.79;1.14;2.23;3.13;0.04;0.93;2.43;0.14;2.29;3.65;3.93;2.32;5.23;0.62;2.64
1947-02-01;1.27;1.07;1.92;4.34;3.69;2.52;3.88;3.07;2.07;1.78;1.31;0.26;3.90;4.59;4.79;8.42;1.23;1.12;1.66;3.79;0.01;0.32;2.10;0.01;0.57;3.49;2.78;0.48;5.58;3.15;0.80
1947-03-01;3.57;4.21;4.02;2.88;2.44;2.86;3.26;2.83;4.02;4.02;3.29;0.60;2.94;3.35;6.00;3.38;3.08;3.41;1.47;6.79;0.00;0.58;2.14;0.05;2.94;2.71;1.33;0.36;5.03;2.70;0.67
1947-04-01;2.05;2.25;1.26;1.17;0.34;1.42;1.53;1.52;2.12;1.75;1.98;2.17;1.11;1.11;2.72;1.49;1.86;1.80;0.37;3.38;0.00;2.19;2.92;0.02;2.79;2.81;5.05;0.84;5.45;1.69;1.22
1947-05-01;0.83;1.95;1.00;1.04;1.48;2.03;2.19;1.49;1.62;1.01;0.97;4.33;1.18;2.42;3.26;1.13;1.24;1.70;0.52;3.73;0.00;2.80;4.66;0.00;5.67;3.11;2.72;0.79;7.88;1.12;4.94
1947-06-01;0.74;2.12;0.99;0.83;0.35;1.06;1.84;1.54;1.95;1.63;0.77;3.62;0.67;1.19;2.24;0.28;1.57;0.99;0.40;2.96;0.00;1.58;2.37;0.04;3.49;1.79;0.54;1.08;8.48;2.96;6.34
1947-07-01;1.18;0.51;0.40;0.87;0.05;0.84;2.39;2.13;0.99;0.76;1.33;3.67;0.32;2.23;2.82;0.22;1.01;1.04;0.35;3.09;0.13;2.46;3.88;0.00;2.60;2.15;0.26;1.60;7.39;3.02;2.71
1947-08-01;1.57;1.35;1.01;2.27;0.43;1.76;1.76;2.56;0.39;0.37;0.88;3.59;1.94;1.68;2.33;1.41;0.53;1.30;0.18;2.36;10.23;4.90;3.15;0.01;2.12;2.03;1.22;2.37;10.50;2.15;6.90
1947-09-01;0.40;1.42;1.39;1.71;3.62;1.43;1.24;0.96;0.58;0.27;0.39;5.32;1.60;1.38;2.04;1.32;0.60;1.40;1.38;1.63;10.88;2.94;2.37;0.02;5.17;1.42;1.02;1.87;9.30;1.39;4.52
1947-10-01;0.21;0.62;0.59;1.22;4.17;2.17;3.20;1.41;0.91;1.03;0.21;5.13;1.11;3.73;2.75;3.33;0.21;0.60;3.31;1.60;0.70;2.04;1.84;0.03;3.60;1.46;1.23;1.47;9.57;1.53;3.77
1947-11-01;2.94;2.96;1.45;2.20;1.39;1.39;2.00;2.18;4.24;3.16;2.71;2.35;2.22;2.03;4.87;3.20;1.50;2.62;0.33;5.94;0.04;0.68;3.64;0.13;0.85;1.28;1.94;0.69;8.14;3.20;1.81
1947-12-01;2.15;2.51;2.04;1.76;2.57;2.26;2.39;2.46;5.29;4.44;2.38;4.17;1.78;2.37;3.29;3.68;1.98;2.12;1.49;3.84;0.00;0.29;1.54;0.00;1.19;3.89;4.53;1.26;8.76;2.05;1.18
1948-01-01;3.79;5.71;4.36;4.84;3.99;2.72;4.80;2.89;4.94;4.45;3.72;2.44;4.81;4.47;6.47;6.84;3.05;3.23;1.09;7.65;0.00;1.38;3.45;0.05;0.57;4.48;2.14;0.83;6.29;1.13;3.15
1948-02-01;1.14;1.40;0.64;0.59;1.08;0.89;1.47;1.09;2.41;1.94;1.07;5.85;0.72;1.35;2.10;2.49;0.97;1.00;4.80;2.59;0.01;0.03;2.16;0.11;1.79;3.11;2.17;1.83;1.41;0.67;1.16
1948-03-01;0.47;0.89;1.02;0.51;0.87;0.75;0.68;0.34;0.89;0.65;0.50;7.30;0.49;0.80;0.65;0.19;0.85;1.00;1.23;0.76;0.00;0.26;2.71;0.40;1.10;2.87;1.91;2.10;1.07;1.15;0.82
1948-04-01;2.98;2.25;3.38;3.02;2.28;1.74;2.87;2.42;2.14;2.84;3.14;2.76;2.63;2.68;5.85;2.95;2.38;1.95;0.85;5.64;0.00;3.01;3.03;0.03;3.76;1.95;3.52;1.60;1.53;0.49;2.51
1948-05-01;1.59;1.58;1.63;2.65;1.66;5.34;3.44;2.54;1.97;2.45;1.47;3.02;2.79;4.34;5.65;2.17;1.63;2.02;1.93;4.99;0.04;5.48;5.62;0.02;2.97;2.53;1.76;1.16;4.65;2.68;4.20
1948-06-01;1.87;1.21;1.44;1.99;1.03;3.10;4.48;2.98;4.71;3.41;1.64;2.72;2.00;2.57;6.76;1.08;1.95;1.98;1.27;8.06;0.10;2.29;4.05;0.00;7.09;1.81;4.54;0.51;7.35;0.79;3.68
1948-07-01;1.71;0.94;0.50;1.11;0.10;1.24;2.48;2.07;4.81;3.91;1.54;2.93;0.61;2.34;4.02;0.38;2.34;1.51;0.27;5.60;1.62;4.73;2.94;0.01;4.54;1.84;0.65;0.91;7.45;1.73;6.44
1948-08-01;2.51;2.70;2.74;2.09;0.91;2.71;4.11;2.03;3.83;4.09;2.58;1.92;2.04;2.98;5.60;1.04;1.67;2.59;1.82;7.02;10.05;5.25;3.44;0.01;5.38;1.12;1.04;0.95;5.03;1.94;3.88
1948-09-01;1.43;1.46;0.81;1.08;4.45;1.94;5.38;2.93;2.32;1.67;1.53;1.73;1.48;5.74;3.95;1.36;1.01;1.46;2.11;3.57;3.22;0.58;0.93;0.01;4.13;2.01;1.91;3.49;4.17;1.28;5.68
1948-10-01;0.73;2.72;1.21;1.15;2.66;0.80;1.89;1.26;1.13;1.22;0.83;4.24;1.30;1.23;2.36;3.32;1.11;1.11;0.85;2.47;0.03;3.24;2.01;0.07;5.51;1.95;1.06;2.06;1.94;1.88;2.64
1948-11-01;1.66;1.77;1.89;1.40;0.20;1.11;1.52;1.67;1.47;1.63;1.61;4.33;1.51;0.68;1.89;1.75;1.15;1.45;0.23;2.38;0.00;4.18;4.00;0.09;4.49;2.15;1.10;1.35;2.49;0.97;0.99
1948-12-01;2.23;5.97;4.20;1.55;2.47;0.94;2.18;1.53;1.28;1.28;2.40;5.45;1.97;3.26;2.17;2.60;1.88;2.32;4.16;1.90;0.00;0.22;4.56;0.05;2.81;3.86;1.79;3.07;2.99;0.61;0.25
1949-01-01;0.99;1.47;1.16;0.76;0.98;1.30;2.19;1.30;2.22;1.79;0.94;5.87;0.93;1.55;1.99;2.29;0.89;1.41;0.13;1.99;0.00;0.33;4.08;0.34;0.64;2.83;2.71;0.68;0.20;1.35;0.09
1949-02-01;0.66;1.24;0.62;0.88;0.43;0.83;0.52;0.97;1.14;1.16;0.68;5.33;0.72;0.51;0.67;1.30;0.77;0.80;2.09;1.01;0.00;0.08;3.68;0.12;2.35;2.57;3.55;2.33;0.79;0.96;0.79
1949-03-01;1.33;1.70;1.44;1.51;1.09;1.38;2.25;2.03;2.02;1.36;1.29;4.94;1.54;2.13;3.39;0.97;1.14;1.71;2.47;3.44;0.01;0.19;2.32;0.25;1.58;1.99;1.41;3.04;0.22;1.86;1.10
1949-04-01;1.14;2.03;1.27;0.96;2.29;2.26;2.33;1.94;2.22;1.63;1.21;3.54;0.82;1.68;4.17;0.43;1.71;1.25;0.59;4.96;0.01;1.35;2.55;0.03;2.71;2.23;1.01;1.87;0.00;0.83;0.19
1949-05-01;1.28;1.58;0.99;1.80;2.55;3.24;4.03;2.89;3.21;2.89;1.24;1.96;1.41;3.88;7.38;2.03;1.68;0.97;4.81;6.96;0.00;2.41;4.78;0.03;2.46;2.07;2.44;0.07;0.00;2.63;2.62
1949-06-01;0.71;0.85;0.95;2.52;0.05;1.79;0.74;1.28;0.74;1.48;0.64;2.73;2.74;1.41;1.51;0.36;0.53;0.63;0.54;2.48;0.00;2.09;0.54;0.00;10.54;2.28;6.67;0.18;0.65;4.59;2.53
1949-07-01;0.39;0.96;0.40;0.30;0.04;0.77;0.24;0.34;0.32;0.42;0.40;3.17;0.39;0.34;1.15;0.43;1.18;1.28;0.03;1.05;1.22;4.71;3.56;0.00;2.54;1.46;1.23;0.78;1.72;3.92;3.54
1949-08-01;0.86;0.73;0.55;0.72;0.05;2.12;1.37;2.84;0.96;0.93;0.82;3.20;0.92;1.67;0.98;0.13;1.12;0.52;0.25;1.39;4.88;4.71;2.68;0.01;3.98;2.54;2.18;1.01;1.10;1.59;3.09
1949-09-01;2.04;3.95;2.50;3.27;4.05;3.18;2.62;4.10;1.00;1.46;1.93;4.44;4.12;2.74;2.27;0.39;1.46;2.39;3.10;3.25;2.74;3.13;1.92;0.02;5.73;1.61;3.85;2.86;1.80;0.42;4.73
1949-10-01;2.51;4.02;3.12;1.06;1.86;1.17;1.93;1.71;1.26;1.66;2.17;1.76;1.27;1.69;2.70;3.20;2.35;3.07;0.73;2.46;1.10;1.54;2.04;0.02;6.64;1.73;1.52;1.08;0.43;1.55;2.64
1949-11-01;2.16;5.03;3.58;3.84;3.84;3.71;4.19;2.68;2.17;2.70;2.43;3.55;3.97;3.97;6.46;7.94;2.13;2.60;1.43;4.71;0.39;0.20;1.30;0.01;5.96;2.28;2.79;1.88;2.09;1.24;0.25
1949-12-01;1.55;2.18;1.24;1.55;3.59;2.33;2.38;2.09;2.05;1.91;1.44;3.41;1.42;2.31;4.46;3.73;1.54;1.68;4.19;3.54;0.56;0.08;1.81;0.53;1.86;4.91;1.94;1.63;1.10;1.87;0.58
1950-01-01;0.65;1.98;0.61;0.42;0.53;1.01;1.35;1.10;1.30;0.96;0.68;7.48;0.47;1.27;2.50;1.31;0.92;1.16;2.49;2.63;0.00;0.03;2.13;0.18;1.67;3.66;4.18;2.31;0.36;0.42;0.12
1950-02-01;2.98;6.72;4.86;3.36;2.08;2.99;3.46;2.25;3.46;3.48;3.20;2.02;3.56;3.53;6.89;5.01;3.15;3.01;0.85;7.33;0.00;0.06;3.15;0.15;1.55;3.42;11.09;1.06;3.52;1.39;0.47
1950-03-01;0.80;1.94;1.27;1.26;0.86;1.49;1.14;1.17;0.48;0.76;0.84;2.92;1.40;1.60;1.10;1.50;0.90;0.86;1.76;0.72;0.00;0.78;2.99;0.05;2.37;2.75;5.06;2.21;3.33;1.15;2.96
1950-04-01;2.20;1.69;1.59;2.56;1.02;3.31;3.95;3.45;3.77;3.36;2.27;1.54;2.22;3.15;5.21;4.65;2.62;2.73;0.76;5.51;0.00;0.35;2.04;0.03;3.62;2.22;3.09;1.62;6.07;0.35;3.41
1950-05-01;2.00;1.97;2.60;2.79;0.78;1.90;2.39;2.82;2.68;2.82;1.68;3.02;2.74;2.25;3.44;0.70;1.87;1.82;0.71;5.43;0.01;2.80;2.62;0.06;2.57;2.04;3.06;0.73;6.58;2.09;2.51
1950-06-01;1.88;2.04;1.52;1.41;0.19;1.75;2.08;2.64;2.34;1.94;1.97;2.72;1.27;2.20;3.53;0.70;1.38;1.86;0.32;3.78;0.03;2.36;2.41;0.00;5.41;1.96;10.93;0.77;9.04;2.20;3.92
1950-07-01;2.37;1.97;1.16;1.06;0.02;0.73;1.62;1.58;1.85;1.87;2.66;3.44;1.00;1.21;1.35;0.06;1.87;2.38;0.05;2.04;3.16;1.83;3.07;0.00;3.35;2.12;5.87;0.25;9.32;2.38;6.18
1950-08-01;1.55;2.13;1.90;1.89;0.65;1.91;1.99;3.35;1.74;1.87;1.73;3.52;1.32;2.58;2.49;0.40;1.65;1.60;1.23;2.91;7.01;5.12;3.53;0.01;6.62;1.51;2.66;1.54;9.51;4.86;1.14
1950-09-01;2.20;2.15;1.54;1.15;0.71;1.90;1.76;1.28;2.73;2.41;2.38;2.45;1.38;1.44;3.26;1.54;2.69;2.09;0.49;3.90;6.40;2.34;2.12;0.00;1.51;0.82;0.95;1.43;5.57;2.10;3.20
1950-10-01;0.62;1.09;1.25;1.17;1.68;1.46;0.77;0.63;0.72;0.64;0.50;4.90;1.59;1.03;1.67;2.54;0.98;0.75;2.63;0.92;2.61;0.29;2.20;0.04;5.16;2.47;3.93;3.13;4.97;1.24;3.72
1950-11-01;2.39;6.27;3.98;3.78;1.94;1.96;5.93;3.87;5.83;4.60;2.79;2.98;4.22;3.11;9.38;4.08;4.08;3.16;0.28;10.53;0.09;0.14;4.14;0.07;2.60;2.19;4.49;0.94;6.18;2.23;0.22
1950-12-01;2.69;4.07;2.80;3.15;2.57;3.59;1.76;1.78;1.64;2.56;2.61;2.86;3.23;2.19;3.21;5.01;2.15;2.03;3.28;3.00;0.00;0.19;3.95;0.01;2.75;2.97;1.67;1.60;3.70;0.57;0.11
1951-01-01;1.85;3.73;1.84;2.70;2.22;2.00;2.22;1.40;2.86;1.92;1.95;3.51;2.79;2.53;4.00;4.78;1.83;1.82;1.50;4.06;0.00;0.14;2.73;0.03;1.25;3.75;4.25;1.46;4.51;0.93;0.53
1951-02-01;2.79;5.91;3.34;4.17;3.36;3.56;3.29;4.35;2.13;2.64;2.67;3.80;4.29;5.68;7.35;10.32;1.93;2.79;1.01;6.03;0.00;0.05;3.67;0.18;3.87;3.18;1.07;2.00;2.25;0.40;0.29
1951-03-01;2.28;3.87;2.91;2.13;3.45;2.80;2.97;3.13;2.76;3.02;2.35;1.37;1.79;3.57;5.16;4.70;2.76;2.92;2.47;5.65;0.02;0.34;4.98;0.14;5.27;2.72;2.00;0.88;2.26;2.02;0.90
1951-04-01;1.73;1.89;1.73;2.20;1.20;1.92;1.32;2.22;1.47;2.42;1.70;2.13;2.37;1.42;2.87;0.87;2.40;2.20;1.96;3.01;0.00;2.97;2.50;0.01;4.16;1.67;0.89;0.76;2.55;0.94;1.34
1951-05-01;4.37;2.99;4.07;3.76;2.98;4.70;4.66;6.74;2.79;2.90;4.18;2.37;2.84;6.11;4.48;5.21;2.96;3.25;3.79;3.94;0.04;4.10;3.89;0.01;2.46;2.24;1.48;0.73;2.97;2.78;5.58
1951-06-01;2.84;1.71;1.61;3.20;0.56;3.08;5.47;5.13;4.96;4.79;2.22;3.33;2.15;3.62;4.60;0.98;2.13;1.79;1.37;5.92;0.00;2.53;2.33;0.00;5.53;1.86;8.08;0.87;2.31;0.71;4.09
1951-07-01;1.04;1.12;0.38;1.34;0.13;0.81;2.26;1.91;2.63;1.81;1.16;1.57;1.64;1.33;3.58;0.17;1.15;1.26;0.44;3.99;0.84;4.10;1.49;0.01;6.20;2.28;0.93;1.00;4.40;2.29;5.28
1951-08-01;2.72;3.70;1.98;1.82;0.46;1.83;3.41;3.22;3.26;2.53;2.51;1.70;2.21;2.91;4.62;0.58;2.80;2.56;0.86;6.69;5.31;1.59;1.24;0.00;2.22;1.92;0.99;1.09;3.21;1.77;4.00
1951-09-01;1.41;2.66;1.60;0.84;1.21;1.59;1.90;2.37;1.93;2.17;1.37;2.87;0.89;2.19;2.52;2.07;1.65;1.43;0.90;3.40;4.37;5.12;1.07;0.01;7.17;1.22;2.94;1.07;0.84;0.92;3.68
1951-10-01;1.08;1.59;1.24;1.06;5.22;2.70;2.37;2.15;1.17;0.84;1.09;7.34;0.98;3.07;3.21;3.78;0.77;1.12;6.18;2.72;7.44;1.33;2.94;0.02;4.31;1.71;1.01;2.68;2.45;0.31;1.01
1951-11-01;1.92;5.86;3.49;2.75;6.47;2.28;5.64;2.40;3.36;3.58;2.13;1.63;2.74;6.83;7.54;4.83;2.55;2.72;1.38;6.60;1.19;2.44;6.33;0.03;2.69;3.47;1.20;1.63;4.41;1.06;1.27
1951-12-01;1.67;2.87;2.16;2.22;0.68;1.49;1.41;1.50;1.54;1.70;1.70;5.36;2.22;1.18;2.21;2.09;1.68;1.80;1.25;2.98;0.00;0.04;3.78;0.62;0.65;2.66;0.62;0.83;5.88;1.37;0.23
1952-01-01;2.27;2.62;2.00;2.43;1.29;2.73;2.46;2.51;2.93;3.25;2.49;5.35;2.43;2.17;5.28;6.10;3.27;2.59;0.59;6.00;0.00;0.21;4.53;0.07;2.75;3.23;0.74;0.71;9.35;1.86;0.24
1952-02-01;1.76;1.14;0.73;2.27;0.60;4.13;1.64;2.44;2.20;1.87;1.62;3.95;2.02;1.62;3.76;2.42;1.49;1.87;1.71;3.67;0.00;0.05;1.47;0.15;2.90;2.68;1.25;0.84;2.33;2.07;0.03
1952-03-01;2.93;2.85;2.95;2.38;0.78;1.92;2.82;2.39;3.83;3.72;2.92;1.88;2.51;2.35;3.33;0.83;2.79;2.42;1.12;3.77;0.00;0.17;3.77;0.03;3.46;2.88;1.33;1.56;5.08;1.55;0.04
1952-04-01;0.99;2.27;1.19;1.04;1.09;1.90;2.44;2.26;1.84;1.46;1.02;3.86;0.96;2.80;2.86;2.41;0.93;1.29;1.21;2.51;0.02;1.48;4.18;0.01;6.15;2.58;5.22;0.82;6.11;0.71;1.40
1952-05-01;1.16;1.72;1.80;1.87;1.99;1.27;1.23;1.97;1.70;1.90;1.21;2.26;1.40;2.07;1.97;1.39;1.51;2.09;0.50;2.82;0.01;0.82;4.92;0.00;3.81;1.45;0.89;1.25;5.58;1.25;3.06
1952-06-01;0.71;0.68;0.84;0.80;0.06;1.23;1.82;1.95;1.61;1.65;0.71;1.25;0.74;1.58;3.38;0.02;1.13;0.87;0.26;3.66;0.11;2.73;2.97;0.00;7.56;2.29;2.33;1.43;5.03;2.36;5.96
1952-07-01;1.17;1.15;1.34;0.69;0.01;0.21;0.30;0.95;0.81;0.79;1.01;2.31;0.81;1.26;1.27;0.18;1.28;0.79;0.11;1.51;2.10;6.96;2.15;0.00;4.65;2.10;4.52;1.95;4.17;4.33;3.99
1952-08-01;2.70;2.82;1.30;1.93;0.86;1.35;2.13;2.45;1.23;2.09;2.45;1.81;1.66;1.96;3.80;0.67;2.07;2.45;0.23;4.80;2.82;5.01;4.90;0.00;1.48;1.88;5.76;1.24;2.57;2.79;3.35
1952-09-01;4.47;3.56;4.38;2.21;2.09;1.23;2.20;2.90;3.15;4.18;3.68;1.37;2.71;2.12;3.39;2.95;2.75;3.32;0.58;4.70;11.69;1.71;1.87;0.01;3.16;1.46;0.25;1.68;4.86;2.00;7.34
1952-10-01;2.76;3.56;2.97;4.48;1.59;2.39;4.66;3.83;4.15;4.35;2.76;3.67;4.36;3.76;7.55;2.74;2.51;3.85;2.00;8.75;2.95;2.53;0.47;0.13;3.50;1.60;2.24;1.68;6.35;2.96;1.50
1952-11-01;3.01;4.17;3.03;4.04;2.03;2.45;4.25;3.46;5.55;4.56;3.06;4.00;3.94;3.66;7.76;3.34;3.28;2.85;0.42;8.42;0.02;0.02;2.80;0.03;4.61;2.57;1.82;2.18;7.18;2.96;2.53
1952-12-01;3.24;3.64;2.88;4.42;3.00;3.49;2.90;3.44;4.07;3.90;3.40;1.62;4.60;3.11;5.82;6.94;2.77;2.73;1.10;6.79;0.00;0.70;3.97;0.02;0.63;2.55;1.84;1.33;4.54;1.21;1.39
1953-01-01;0.48;0.78;0.58;0.55;0.37;1.37;0.70;1.05;0.94;0.62;0.41;5.39;0.50;0.95;0.94;2.25;0.46;0.90;0.26;0.88;0.00;0.29;3.19;0.02;1.52;2.98;2.47;0.89;4.45;0.99;0.48
1953-02-01;1.42;1.53;1.34;1.81;0.32;1.45;1.13;1.92;2.96;2.21;1.42;6.07;1.89;1.06;2.57;4.36;2.02;1.90;0.24;3.35;0.03;0.89;2.73;0.17;1.42;2.45;2.84;1.96;4.03;0.61;0.32
1953-03-01;0.15;1.13;0.28;0.27;0.22;0.19;0.62;0.74;0.53;0.44;0.16;8.54;0.21;0.58;0.40;1.24;0.26;0.34;1.43;0.71;0.00;0.40;5.93;0.13;3.03;2.12;1.56;1.13;5.32;0.65;1.12
1953-04-01;2.03;4.21;3.44;2.02;1.11;2.30;2.67;2.82;1.98;2.05;2.19;2.17;2.21;2.48;3.81;3.05;2.73;2.69;1.04;3.52;0.00;0.09;4.58;0.03;3.46;3.05;1.37;0.43;6.87;1.31;1.57
1953-05-01;0.72;1.87;1.45;1.44;0.86;1.81;1.76;1.89;2.63;1.85;0.73;2.89;1.33;2.00;3.28;2.89;1.56;1.34;0.76;3.71;0.01;1.01;3.39;0.00;5.43;2.01;6.65;0.78;8.03;2.13;0.70
1953-06-01;2.51;1.10;1.47;2.76;2.29;2.81;4.28;3.85;5.17;5.04;2.58;2.78;1.93;3.83;8.22;2.98;2.63;2.09;2.62;10.19;0.01;2.89;1.16;0.00;5.60;2.06;0.70;0.96;6.58;0.66;3.56
1953-07-01;2.57;2.06;1.50;1.75;0.21;1.23;2.16;2.82;4.04;3.17;2.49;2.56;1.45;1.77;3.95;0.60;2.37;2.39;0.29;5.93;2.05;4.98;2.19;0.00;5.69;1.06;1.32;0.56;9.61;3.28;3.64
1953-08-01;0.51;0.88;0.60;0.33;0.63;0.37;1.25;1.56;1.30;0.83;0.61;3.88;0.40;1.19;2.28;0.53;1.77;0.80;0.84;2.97;4.19;4.11;2.12;0.00;9.49;1.67;0.77;1.38;6.07;4.56;3.64
1953-09-01;1.53;2.11;2.49;2.49;6.31;1.66;4.70;2.56;1.76;2.09;1.53;4.47;2.60;5.42;4.13;1.29;1.36;1.23;2.67;4.08;4.47;3.09;2.95;0.01;5.55;1.36;0.63;1.48;3.83;3.04;4.02
1953-10-01;1.41;2.02;2.65;2.16;3.31;2.19;2.75;2.33;0.89;1.02;1.38;6.94;2.18;3.10;2.70;4.95;0.87;1.24;3.26;1.65;2.08;4.76;3.51;0.02;3.67;1.57;1.13;3.89;4.41;1.95;3.12
1953-11-01;0.64;1.57;1.29;0.86;0.80;1.24;0.62;0.62;0.67;0.78;0.74;4.38;0.84;0.96;1.47;1.21;0.59;1.02;0.33;1.27;0.00;0.48;3.25;0.24;1.11;1.85;0.89;2.94;5.58;0.95;1.75
1953-12-01;0.50;0.95;0.77;0.39;2.08;0.59;1.18;1.46;1.26;1.01;0.46;9.53;0.35;2.29;1.09;1.27;0.83;0.71;2.99;1.32;0.00;0.01;3.07;0.09;1.79;2.81;0.99;5.29;5.64;0.45;1.15
1954-01-01;0.98;2.38;0.91;1.61;1.22;2.73;2.14;2.09;2.26;1.65;0.95;5.14;1.35;1.92;2.27;3.30;0.82;1.59;0.69;2.34;0.01;0.29;2.06;0.09;2.39;4.37;2.44;1.85;5.67;0.76;0.11
1954-02-01;2.20;3.23;2.08;2.92;2.53;3.43;2.82;2.43;1.70;1.58;2.15;4.70;2.66;3.51;3.46;4.38;2.06;2.31;5.46;3.86;1.32;0.00;2.30;0.02;1.48;3.54;7.97;2.30;5.29;0.33;1.76
1954-03-01;2.06;2.43;1.89;3.27;1.74;2.53;2.29;2.71;1.54;1.73;1.96;3.27;3.18;2.82;3.20;3.53;1.84;1.67;3.62;2.84;0.00;0.21;2.73;0.04;2.69;3.11;0.92;1.20;5.30;1.11;1.52
1954-04-01;0.70;0.58;0.58;1.57;2.01;1.94;1.77;1.73;3.00;1.79;0.63;5.84;1.18;2.46;4.30;1.81;0.78;0.35;1.14;4.58;0.00;1.50;3.31;0.08;5.29;1.79;1.06;1.00;9.16;0.94;4.22
1954-05-01;1.18;1.18;1.10;2.40;2.01;3.63;2.23;3.33;1.96;1.62;1.37;2.29;1.90;3.55;4.66;2.57;1.85;2.28;2.44;4.21;0.01;4.52;2.82;0.00;3.25;2.62;0.75;0.77;6.52;1.25;3.44
1954-06-01;1.30;2.08;1.58;0.74;0.29;1.35;1.60;3.05;2.05;1.90;1.24;1.17;1.07;1.99;2.99;0.76;1.72;2.31;0.46;4.30;0.25;5.45;1.21;0.00;8.38;2.98;1.06;0.79;9.49;1.36;4.19
1954-07-01;1.65;2.00;0.84;0.88;0.70;1.13;1.51;2.16;2.36;1.99;1.79;2.41;1.12;1.46;3.03;0.43;2.37;2.03;0.92;3.85;2.21;8.57;1.28;0.01;2.11;1.58;1.48;1.35;7.80;2.51;3.48
1954-08-01;2.72;2.04;2.59;3.33;1.39;3.69;6.65;5.87;5.79;4.39;2.94;3.17;3.43;4.90;8.25;0.69;3.11;2.37;1.08;9.35;7.43;6.50;5.29;0.01;2.92;1.60;0.78;1.37;8.09;1.56;2.30
1954-09-01;2.83;3.11;1.50;1.66;0.03;1.83;2.56;3.04;4.51;2.84;2.69;0.86;1.40;1.38;3.76;0.19;1.85;1.91;0.87;6.19;4.41;1.47;3.40;0.01;6.35;1.74;0.85;1.71;5.17;2.61;3.56
1954-10-01;1.34;1.94;1.78;2.10;0.44;1.59;2.43;1.72;2.49;2.43;1.26;3.92;2.37;1.87;2.20;2.01;1.18;0.97;0.31;3.06;1.17;6.45;1.59;0.05;5.29;0.98;3.32;0.52;9.26;2.31;4.36
1954-11-01;2.37;4.85;2.50;2.07;2.76;1.30;2.10;1.33;1.42;1.83;2.41;5.61;2.26;2.04;3.33;3.62;1.83;1.68;0.48;3.14;1.69;0.06;5.59;0.26;4.09;1.80;2.11;1.36;10.19;1.19;1.11
1954-12-01;1.48;2.08;1.45;2.32;2.29;2.64;3.49;2.11;3.10;2.99;1.37;3.89;2.63;2.81;6.63;3.22;1.13;1.30;1.17;5.72;0.01;0.54;3.24;0.38;2.55;3.76;1.56;1.39;9.93;1.65;0.34
1955-01-01;2.82;4.51;4.07;5.01;3.67;3.78;4.50;5.04;3.34;3.40;2.55;3.08;4.52;4.82;7.56;3.97;2.01;2.95;4.36;8.23;0.00;0.26;0.38;0.04;1.40;2.35;1.38;1.05;8.54;2.08;0.36
1955-02-01;2.79;4.33;3.52;4.15;2.46;2.43;4.92;4.58;2.71;3.11;2.73;1.26;4.57;4.86;9.35;6.34;1.79;2.50;0.95;9.53;0.00;0.00;2.97;0.00;3.05;3.09;8.33;0.95;1.14;1.24;0.06
1955-03-01;0.93;1.89;1.04;0.80;1.26;0.56;2.15;1.63;1.42;1.59;0.68;2.22;0.66;1.47;2.56;1.76;0.79;0.79;0.70;2.46;0.00;0.03;3.60;0.02;3.64;2.77;3.05;1.15;3.40;2.00;0.70
1955-04-01;0.35;0.43;0.21;0.22;0.05;0.26;0.47;0.61;0.85;0.64;0.42;4.06;0.12;0.49;0.81;0.60;0.31;0.36;0.32;0.80;0.00;1.43;3.45;0.02;2.63;2.87;2.60;0.99;7.35;2.51;0.52
1955-05-01;2.51;2.38;2.02;1.44;0.80;1.53;1.66;1.16;2.88;2.18;2.62;1.80;1.14;1.40;3.04;0.37;2.51;2.25;0.78;4.44;0.01;4.91;0.81;0.00;4.79;2.37;1.66;0.82;5.50;3.32;2.01
1955-06-01;2.33;1.56;3.08;3.51;0.80;1.19;4.10;3.85;4.19;3.15;2.04;3.41;3.92;3.74;5.53;0.42;1.66;2.30;0.85;6.40;1.82;5.52;3.39;0.00;2.74;1.54;0.97;0.12;5.31;1.37;2.34
1955-07-01;1.83;0.20;1.42;1.51;0.04;1.09;3.69;4.49;3.82;2.65;1.46;5.58;1.81;2.38;3.67;0.54;0.84;0.78;0.38;3.87;3.72;4.13;1.68;0.00;1.81;1.42;0.96;1.63;6.90;1.04;6.16
1955-08-01;0.52;0.15;0.19;0.44;0.60;1.12;2.76;2.65;1.84;0.98;0.71;5.04;0.42;1.20;2.87;0.27;1.97;1.05;0.45;3.95;8.98;8.62;6.99;0.03;4.93;2.21;0.41;2.18;9.36;0.11;4.27
1955-09-01;1.10;1.03;0.56;0.63;0.41;1.55;0.73;1.47;1.39;1.08;1.09;3.86;0.65;0.94;1.91;2.21;1.11;2.04;0.71;2.75;7.67;7.02;2.02;0.01;4.24;1.61;0.49;1.75;8.94;1.34;8.07
1955-10-01;1.41;1.65;1.33;1.18;3.64;1.48;1.38;0.94;1.16;0.83;1.43;3.41;0.96;2.61;2.69;2.99;1.25;3.13;3.13;2.23;0.91;5.63;6.00;0.01;11.14;1.67;1.11;0.52;10.03;1.30;1.94
1955-11-01;0.84;2.33;1.08;0.53;2.98;0.63;2.69;1.57;0.79;0.77;0.79;3.37;0.41;2.80;2.64;3.79;0.83;0.67;0.37;1.77;0.00;1.21;2.58;0.16;3.00;2.43;1.35;0.90;3.79;1.20;1.33
1955-12-01;2.10;3.83;2.02;3.88;1.75;3.01;3.09;2.71;3.37;2.96;1.92;2.91;3.79;2.30;4.68;4.23;1.83;2.16;3.02;5.99;0.02;0.23;0.52;0.13;0.64;5.18;1.91;0.57;6.50;1.58;1.60
1956-01-01;2.44;3.70;2.44;2.60;2.32;3.24;3.36;2.24;2.78;3.08;2.37;3.37;2.40;2.26;4.19;5.16;2.96;3.90;0.43;4.63;0.01;0.45;1.63;0.05;3.04;3.85;2.36;1.25;6.25;1.62;0.25
1956-02-01;0.52;1.20;0.35;0.74;1.54;0.79;0.85;0.82;0.83;0.51;0.50;4.54;0.75;0.98;0.88;3.24;0.71;0.53;1.52;0.50;0.03;0.01;4.25;0.08;2.75;3.39;9.97;3.62;2.86;0.64;0.18
1956-03-01;0.66;1.62;1.22;1.54;4.47;1.09;1.67;1.84;1.82;1.33;0.70;4.04;1.62;4.95;2.05;3.29;0.84;0.59;4.82;1.73;0.00;0.00;3.97;0.03;3.60;2.21;6.06;2.68;3.41;0.79;1.25
1956-04-01;3.06;0.86;2.67;1.65;1.74;2.79;3.23;3.06;3.48;3.40;2.94;3.72;1.49;3.85;5.06;3.83;1.83;1.89;1.80;5.59;0.00;1.61;3.20;0.02;3.47;1.69;1.45;0.28;7.09;1.24;3.58
1956-05-01;2.10;1.46;1.41;2.95;1.16;2.08;3.65;2.91;3.02;2.45;1.66;4.57;2.67;3.40;4.19;0.92;0.93;1.13;0.39;5.08;0.00;2.00;2.25;0.00;5.98;2.05;2.90;1.11;5.93;5.30;2.17
1956-06-01;2.12;1.11;1.60;1.41;1.23;1.25;2.47;2.97;2.72;3.12;2.35;3.55;1.10;2.17;3.35;1.17;2.45;1.74;0.66;4.34;0.10;5.72;2.51;0.00;4.32;1.47;4.13;0.69;4.05;1.52;3.47
1956-07-01;2.11;2.10;1.63;1.71;0.10;2.23;2.83;3.41;4.12;2.60;2.21;3.00;2.05;2.65;3.97;0.15;2.03;2.20;1.18;5.74;1.62;3.56;4.53;0.00;1.73;2.51;2.00;0.40;4.85;2.55;2.87
1956-08-01;2.39;2.55;1.64;3.32;0.27;1.54;4.16;2.43;3.12;3.51;2.57;0.75;3.09;3.23;7.91;0.20;2.98;3.28;0.73;9.43;3.11;4.71;1.71;0.01;3.60;2.30;1.11;0.73;5.77;2.92;3.32
1956-09-01;1.19;4.36;1.75;1.32;3.19;2.10;4.81;3.23;2.83;2.06;1.65;3.19;1.42;6.62;4.48;4.09;0.90;1.78;2.54;3.78;5.78;3.02;2.53;0.00;4.56;1.11;0.62;1.47;6.53;0.87;4.26
1956-10-01;1.98;0.95;0.99;0.76;0.80;1.53;2.95;2.09;3.22;2.96;1.93;7.42;0.93;1.63;3.71;1.79;1.77;1.88;1.44;4.09;0.97;9.64;2.04;0.00;6.51;1.71;2.36;1.77;10.03;1.74;0.18
1956-11-01;1.02;1.04;0.60;0.95;3.31;2.88;1.40;1.77;2.20;1.49;0.92;9.26;0.75;1.87;1.71;5.12;1.23;1.15;3.43;1.77;0.00;2.80;3.00;0.02;2.52;1.23;0.53;1.91;12.99;1.36;0.87
1956-12-01;1.25;3.96;1.56;1.12;0.80;1.17;1.75;1.16;1.10;0.95;1.23;5.32;1.14;1.74;1.21;1.35;0.97;1.87;0.47;0.95;0.86;0.38;4.08;0.29;0.28;3.19;0.48;1.64;5.51;0.98;0.67
1957-01-01;0.77;1.77;0.49;0.86;0.62;0.96;1.39;1.97;1.40;1.38;0.77;5.45;0.93;1.95;1.28;2.14;0.69;0.84;0.86;1.25;0.16;0.01;1.65;0.20;0.63;5.13;0.67;1.58;3.44;1.35;0.08
1957-02-01;4.12;7.70;4.92;4.72;1.87;2.72;3.27;3.90;4.51;4.76;4.37;0.97;4.75;3.37;7.74;4.04;3.64;4.16;0.69;9.51;0.00;0.01;1.71;0.08;3.04;2.49;2.87;0.87;2.27;2.31;0.43
1957-03-01;1.08;2.55;1.32;1.57;0.62;1.76;0.85;0.96;1.47;1.83;1.17;1.36;1.74;1.13;0.99;1.03;1.17;1.26;0.45;1.52;0.00;0.07;2.26;0.10;2.52;2.19;1.50;1.20;5.69;1.28;0.04
1957-04-01;1.15;1.13;2.12;1.85;2.99;3.15;2.27;2.82;1.51;1.24;0.91;4.08;1.83;4.03;2.87;2.76;1.45;0.98;2.54;2.36;0.00;0.21;4.34;0.03;4.13;0.84;0.50;0.93;7.66;1.02;1.06
1957-05-01;1.01;0.90;0.96;2.10;3.03;3.31;1.11;1.71;1.72;1.17;1.01;4.22;1.90;2.08;4.43;1.40;1.76;1.49;3.20;4.03;0.00;3.78;1.33;0.20;5.09;1.32;0.13;0.78;10.48;2.23;1.52
1957-06-01;2.97;1.37;4.06;4.55;2.29;5.34;5.31;4.57;4.81;5.03;2.61;2.53;4.28;4.38;6.82;2.28;1.89;2.37;4.32;7.81;0.20;5.28;1.34;0.03;4.97;1.95;1.15;0.35;5.29;4.64;2.95
1957-07-01;2.94;1.53;1.24;1.72;0.22;0.85;1.35;2.31;3.75;3.40;2.80;1.22;1.71;1.10;3.27;0.64;2.63;2.08;0.84;4.62;0.51;2.99;1.98;0.00;4.56;1.48;2.14;1.07;6.62;2.57;1.22
1957-08-01;1.42;1.81;1.30;1.07;0.56;1.48;1.63;1.12;2.79;3.19;1.38;4.08;0.94;1.78;4.34;0.26;1.94;1.32;0.76;4.18;6.79;3.51;2.04;0.00;1.34;0.95;5.00;1.40;4.86;1.75;1.79
1957-09-01;3.09;2.14;1.38;1.42;0.70;1.22;1.64;3.22;2.94;3.24;3.25;2.49;1.50;0.95;2.12;0.47;2.75;2.37;1.07;3.76;5.91;1.76;1.96;0.00;9.13;1.11;0.40;1.44;5.71;3.15;2.25
1957-10-01;0.93;0.98;0.51;0.49;1.05;1.13;0.96;0.80;1.14;1.36;0.73;6.71;0.73;0.68;1.55;2.60;0.97;1.04;2.57;1.33;2.74;6.16;2.17;0.04;5.23;1.28;0.25;2.80;4.97;1.46;1.39
1957-11-01;2.00;1.57;2.54;1.37;3.38;2.35;2.41;2.08;1.23;1.01;2.08;4.35;1.42;2.95;2.29;3.97;1.60;1.63;3.49;2.33;0.00;1.87;3.31;0.06;3.02;1.63;0.33;2.12;5.96;1.20;1.18
1957-12-01;1.37;2.37;2.05;1.28;5.04;1.02;2.12;2.13;1.98;1.79;1.43;5.06;1.43;4.95;2.77;6.04;1.41;1.47;1.81;2.35;0.34;0.14;4.98;0.02;2.29;6.06;1.04;0.54;10.35;1.52;0.54
1958-01-01;3.41;3.97;2.55;3.95;0.98;2.34;3.03;3.50;3.80;4.23;3.16;3.46;4.10;2.18;5.51;3.66;1.98;3.88;0.63;6.83;0.02;0.07;4.15;0.11;1.73;2.34;2.04;1.29;3.50;2.12;1.83
1958-02-01;5.40;3.76;3.39;1.59;0.20;1.26;3.13;2.63;5.98;6.16;4.95;1.74;1.75;1.81;5.45;2.68;2.96;4.03;0.24;8.28;0.00;0.02;3.56;0.06;2.61;2.39;3.22;1.05;4.09;1.94;0.67
1958-03-01;1.54;2.53;3.82;3.93;2.30;4.37;2.92;2.96;1.66;1.51;1.31;1.51;2.99;2.66;4.33;5.35;1.27;2.10;2.78;4.15;0.00;0.38;4.64;0.00;2.11;2.37;2.89;0.82;4.84;1.38;0.05
1958-04-01;2.30;0.85;1.67;1.92;1.67;2.85;2.66;2.44;1.95;2.15;2.09;4.45;1.94;2.68;3.76;3.89;1.51;1.52;0.89;3.40;0.00;1.85;5.13;0.00;2.45;2.21;1.54;0.61;4.58;2.05;1.01
1958-05-01;2.62;2.90;1.67;3.39;0.55;1.95;2.86;4.95;4.04;5.25;2.45;1.06;3.18;2.51;3.41;0.48;2.04;2.99;0.60;4.23;0.01;3.35;4.56;0.05;4.66;1.59;0.67;0.45;8.20;2.19;4.38
1958-06-01;2.97;2.26;2.94;3.57;1.21;2.50;3.02;3.08;3.18;3.13;3.18;2.78;3.27;3.36;5.85;1.24;2.32;3.08;1.58;6.59;0.02;3.59;2.61;0.00;1.83;1.26;4.32;1.63;4.10;1.69;3.73
1958-07-01;1.79;1.65;2.19;3.15;0.53;2.12;2.01;2.28;2.55;2.00;2.05;1.66;2.63;2.66;3.48;0.78;1.88;1.43;1.27;4.10;1.67;4.91;2.53;0.00;3.78;2.46;0.97;1.26;2.89;0.91;3.89
1958-08-01;3.60;2.04;2.76;3.18;0.79;1.85;4.16;3.33;3.82;3.19;3.48;2.21;2.80;3.83;4.42;0.42;3.32;4.15;0.77;6.77;8.75;10.72;3.62;0.00;2.05;3.08;1.21;0.65;9.27;2.89;2.18
1958-09-01;1.73;2.11;1.77;2.17;1.50;1.30;4.03;4.47;1.78;1.58;2.32;2.92;2.45;4.60;3.00;0.83;1.59;1.41;0.38;2.78;1.67;1.79;3.10;0.01;16.15;1.84;1.74;2.40;8.55;1.88;6.82
1958-10-01;2.02;2.11;1.50;1.59;3.44;1.27;3.74;2.21;2.79;2.68;2.02;5.47;1.74;3.35;4.42;1.50;1.63;1.42;1.01;4.63;2.08;3.88;2.93;0.01;7.02;2.25;2.11;1.87;10.99;2.68;2.96
1958-11-01;1.52;1.76;1.97;1.02;1.92;2.47;2.55;3.25;1.58;1.32;1.39;10.31;1.11;2.70;2.93;7.85;1.09;1.82;5.01;2.18;0.13;2.68;2.29;0.09;2.16;2.14;0.86;2.59;9.09;0.82;2.90
1958-12-01;2.53;3.05;2.98;4.21;3.47;3.32;2.59;1.99;2.88;4.08;2.37;2.88;4.23;4.33;4.47;7.04;1.89;1.75;2.82;4.05;0.01;0.16;1.08;0.05;3.63;2.21;2.63;1.66;5.38;1.76;2.50
1959-01-01;2.39;3.55;3.14;2.44;0.46;2.09;2.48;2.35;3.80;3.51;2.34;2.44;2.25;2.21;4.66;2.96;2.72;2.40;0.28;6.09;0.00;0.01;2.05;0.05;2.07;2.68;4.77;0.47;5.66;2.32;1.20
1959-02-01;0.08;0.19;0.40;0.82;0.79;1.34;0.10;0.24;0.32;0.17;0.07;8.24;0.83;0.60;0.16;0.89;0.10;0.13;9.48;0.05;0.00;0.05;2.15;0.14;3.62;3.52;3.43;3.87;3.07;1.14;0.86
1959-03-01;1.56;2.50;2.09;2.14;1.79;2.82;3.56;4.05;2.69;2.27;1.50;6.20;1.80;4.12;3.87;3.37;1.49;1.65;3.04;3.37;0.00;0.00;3.82;0.05;3.48;2.45;3.99;1.79;4.23;0.94;0.56
1959-04-01;2.46;4.45;2.94;4.02;1.84;3.82;3.81;3.41;2.81;3.13;2.65;2.26;4.03;3.71;5.60;4.33;3.15;2.08;1.38;5.36;0.00;1.00;2.76;0.03;3.17;2.49;2.16;0.73;5.52;0.95;4.78
1959-05-01;0.76;1.15;1.45;1.97;1.74;3.46;1.96;2.36;1.76;1.86;0.90;2.33;1.56;3.56;3.01;3.23;0.47;1.08;1.33;3.35;0.01;2.65;1.27;0.01;5.25;2.79;2.49;1.13;5.56;2.31;2.55
1959-06-01;1.01;0.89;0.94;1.65;0.06;3.58;1.72;3.12;2.50;2.49;0.84;3.69;1.35;2.78;3.49;0.56;0.84;1.00;0.80;3.81;0.02;8.54;2.68;0.00;6.43;1.60;2.35;0.99;10.51;3.67;8.47
1959-07-01;0.50;1.04;0.36;0.64;0.12;0.61;0.78;1.38;1.49;1.00;0.61;1.94;0.55;1.52;2.19;0.07;0.71;0.76;0.29;3.01;0.61;5.16;7.00;0.00;4.76;1.64;2.43;1.37;4.08;0.95;7.66
1959-08-01;0.94;0.59;0.68;1.82;1.17;1.28;1.43;1.79;1.61;0.85;0.98;4.33;1.50;2.16;1.90;1.15;1.10;1.97;2.63;2.93;2.29;2.74;3.69;0.02;5.32;1.76;1.83;1.39;3.96;1.09;5.41
1959-09-01;0.02;0.55;0.62;2.23;2.61;3.21;1.26;2.16;0.40;0.13;0.11;7.82;1.54;2.39;3.41;1.52;0.35;0.25;5.00;2.01;1.66;5.81;1.34;0.01;5.77;1.42;1.50;0.72;3.62;1.89;4.22
1959-10-01;1.67;2.84;2.88;2.68;3.06;2.90;2.91;2.63;2.02;1.47;1.88;5.74;2.58;2.99;4.62;5.10;2.15;2.30;2.58;4.30;0.00;1.40;3.89;0.01;7.52;1.02;4.85;1.46;4.96;2.25;5.75
1959-11-01;1.74;3.60;1.94;2.18;3.24;1.69;2.80;2.17;1.24;1.85;1.83;2.11;2.12;4.50;2.46;3.56;1.84;1.63;0.91;2.38;0.00;2.27;3.68;0.00;3.19;3.47;1.87;2.42;8.99;0.66;0.55
1959-12-01;1.99;6.81;4.99;5.22;5.20;4.43;2.72;2.86;2.57;2.68;2.04;2.29;5.15;4.32;7.17;9.47;2.14;2.35;4.03;7.92;0.00;0.24;3.62;0.00;2.75;3.30;1.78;2.72;5.40;1.52;1.06
1960-01-01;1.63;3.22;2.10;2.29;2.78;2.17;2.17;2.04;1.83;2.01;1.57;3.68;2.30;2.96;3.56;3.23;1.79;1.87;0.88;3.42;0.00;0.00;3.28;0.34;1.42;2.95;2.14;0.85;4.28;1.94;0.70
1960-02-01;1.32;3.22;2.48;2.50;2.38;1.07;3.19;2.81;3.09;2.90;1.29;2.23;2.41;2.43;3.93;8.44;1.72;1.45;0.66;5.46;0.00;0.00;4.44;0.01;0.70;2.55;1.94;1.80;3.32;1.99;0.02
1960-03-01;2.26;3.52;2.39;2.41;4.29;1.96;3.50;2.46;2.16;1.73;2.23;3.10;2.18;4.29;5.63;5.12;1.44;3.09;2.52;4.56;0.00;0.42;2.85;0.05;1.88;1.32;1.69;1.91;3.03;0.52;0.19
1960-04-01;0.78;1.66;0.66;0.58;0.77;1.42;1.48;1.87;1.09;1.15;0.68;4.34;0.54;1.83;1.89;2.10;1.32;1.22;0.52;1.81;0.00;0.98;2.03;0.01;4.08;2.39;0.76;1.06;8.49;0.29;1.09
1960-05-01;1.45;2.11;2.14;2.07;0.22;1.09;1.34;2.65;2.19;1.98;1.09;3.27;2.13;1.60;1.45;0.61;1.81;2.36;0.17;2.55;0.00;2.17;3.52;0.01;5.35;1.96;1.89;1.23;4.07;2.15;2.14
1960-06-01;1.69;1.34;0.82;2.64;0.45;1.63;2.45;2.47;2.38;2.45;1.58;4.70;2.12;3.56;4.38;0.42;1.88;1.47;0.98;5.00;0.15;2.42;2.50;0.00;2.99;1.67;3.46;1.50;5.06;2.02;1.72
1960-07-01;2.24;2.27;1.30;1.47;0.45;2.29;3.40;2.21;3.67;3.19;2.28;2.05;1.36;2.52;5.32;0.08;2.29;2.18;1.45;5.19;1.17;6.56;5.60;0.00;4.06;2.43;2.53;1.42;4.80;1.11;4.00
1960-08-01;2.26;3.19;1.97;3.03;1.51;2.79;4.59;5.91;5.45;4.30;2.01;0.95;2.26;2.62;5.73;0.60;2.18;2.83;0.52;7.93;4.24;1.77;2.73;0.01;7.03;1.57;1.51;0.50;5.82;4.09;5.17
1960-09-01;2.05;2.79;3.09;3.88;4.06;3.24;6.37;4.54;2.24;2.31;1.83;3.48;3.52;5.89;6.96;2.26;3.33;2.89;1.83;5.68;6.02;4.56;4.93;0.01;6.15;1.33;1.27;3.11;7.51;3.81;3.06
1960-10-01;5.17;4.62;3.71;5.00;6.58;3.51;3.90;6.36;3.39;3.30;5.00;1.70;4.57;8.09;6.78;7.20;3.19;5.04;3.35;6.13;0.03;1.92;2.01;0.00;5.43;1.74;1.54;1.01;5.46;2.77;2.45
1960-11-01;3.02;5.37;5.49;3.01;3.48;2.91;3.64;1.96;3.45;3.18;3.53;1.52;3.03;3.07;5.88;4.82;3.48;3.43;0.67;5.63;0.00;5.36;1.84;0.40;3.21;2.07;1.73;1.21;7.36;1.30;0.27
1960-12-01;2.03;3.89;2.54;3.64;4.81;5.34;2.38;1.82;1.93;2.20;2.09;4.10;4.12;1.83;3.68;6.17;2.10;2.55;7.23;3.24;0.02;0.13;2.60;0.04;1.83;3.55;6.01;2.42;4.51;1.72;0.49
1961-01-01;2.62;5.36;2.45;3.87;1.71;2.86;3.16;3.11;2.64;2.61;2.73;3.23;3.70;2.40;4.27;5.71;2.47;2.76;1.07;4.83;0.00;0.19;2.70;0.15;1.13;4.81;1.66;1.12;2.82;1.30;0.40
1961-02-01;1.47;2.82;1.28;1.46;0.49;1.74;2.53;1.81;2.56;2.57;1.38;5.02;1.40;1.96;5.01;2.34;2.45;2.47;0.22;5.09;0.00;0.02;4.04;0.22;1.03;2.92;3.94;1.45;2.34;1.56;0.31
1961-03-01;0.27;0.28;0.07;0.03;0.05;0.05;0.41;0.33;1.50;0.96;0.29;5.33;0.02;0.26;0.75;0.36;0.48;0.22;0.03;1.19;0.00;0.17;3.46;0.03;3.51;2.41;2.49;1.43;2.47;2.23;0.52
1961-04-01;2.38;3.87;2.11;3.21;1.56;3.50;2.72;3.49;3.21;2.02;2.43;1.56;2.94;3.22;4.53;2.77;2.10;2.89;2.11;5.31;0.00;0.69;4.43;0.04;4.39;2.02;1.25;0.49;6.11;1.93;0.72
1961-05-01;1.26;1.52;1.06;2.27;0.97;2.09;1.00;2.35;2.49;2.16;1.13;2.52;1.96;2.53;2.26;0.89;1.26;0.80;1.62;2.98;0.00;3.37;3.34;0.01;1.90;1.89;0.65;0.77;5.52;1.85;1.70
1961-06-01;1.27;0.71;0.50;0.73;0.79;1.41;2.21;2.33;1.91;1.97;1.33;2.92;0.64;1.72;4.02;1.48;1.55;1.23;1.01;4.70;0.02;5.84;3.30;0.00;4.59;1.60;2.44;1.37;4.75;1.15;6.20
1961-07-01;1.33;2.04;1.46;0.97;0.06;1.33;1.59;2.23;2.46;2.01;1.54;2.95;1.32;2.23;4.63;0.32;1.64;1.74;0.16;6.22;2.39;6.03;3.75;0.00;1.79;1.23;0.59;1.51;2.84;2.90;4.99
1961-08-01;0.37;0.99;0.16;0.96;0.09;1.23;2.56;3.39;1.84;1.60;0.33;2.90;0.66;2.25;1.69;0.13;1.03;0.47;0.53;3.58;3.57;5.06;3.58;0.01;2.70;2.51;3.89;0.97;2.18;3.34;2.01
1961-09-01;1.57;1.52;0.79;1.22;2.18;2.63;0.75;1.14;1.08;0.84;1.65;3.97;1.21;1.36;0.39;0.18;1.80;1.64;1.10;1.04;7.36;1.98;2.38;0.01;2.44;2.12;0.87;2.82;1.38;1.39;2.19
1961-10-01;2.73;2.66;1.95;2.98;3.10;2.64;3.64;3.49;2.53;3.49;2.64;2.93;3.27;4.02;4.56;4.76;3.22;1.91;1.88;4.62;0.00;4.03;3.09;0.77;10.16;1.22;2.48;2.37;1.58;0.31;0.87
1961-11-01;2.60;2.89;2.79;4.32;7.35;2.60;2.60;1.79;1.77;2.06;2.22;5.48;4.63;3.88;3.11;7.99;2.46;2.58;5.17;3.05;0.00;0.97;3.20;0.06;2.08;2.44;12.75;2.39;5.68;1.34;2.33
1961-12-01;2.40;4.27;3.73;3.44;1.71;2.28;2.61;2.37;3.18;2.92;2.10;1.83;2.98;1.91;4.37;5.35;2.21;2.41;0.50;5.56;0.00;0.04;2.94;0.27;1.07;3.56;4.37;2.06;6.43;1.97;0.45
1962-01-01;2.16;3.21;3.36;4.31;1.05;1.59;3.23;3.80;3.07;2.71;2.02;4.94;3.97;2.77;4.25;2.35;1.75;2.02;1.16;5.93;0.00;0.23;2.61;0.14;1.23;2.58;3.70;1.01;4.28;1.28;0.11
1962-02-01;1.42;1.35;1.19;1.14;2.45;2.00;2.72;2.29;2.37;1.82;1.27;5.97;1.21;2.91;4.40;4.43;1.56;1.30;1.15;4.04;0.01;0.38;4.25;0.05;0.88;2.31;5.20;1.86;2.19;1.59;0.35
1962-03-01;2.31;3.23;2.20;3.64;1.43;2.65;3.13;2.49;3.25;2.90;2.27;0.13;3.34;2.12;5.17;3.31;1.69;1.79;2.33;5.90;0.00;0.39;2.40;0.01;2.20;2.20;1.55;0.54;7.00;1.37;0.42
1962-04-01;1.82;2.16;1.60;2.31;1.56;3.59;2.23;3.54;2.34;2.89;1.84;4.29;2.18;3.38;4.84;1.93;1.75;2.11;3.48;4.66;0.01;3.36;2.76;0.03;3.07;2.42;1.93;1.10;3.03;1.54;4.18
1962-05-01;1.88;1.53;1.41;3.12;0.35;2.32;2.59;3.56;3.47;2.77;1.67;1.66;2.59;2.08;3.67;0.91;2.40;1.72;0.49;4.61;0.00;4.68;0.96;0.01;5.82;1.94;3.06;0.44;5.83;3.17;1.71
1962-06-01;0.12;0.27;0.11;0.82;1.34;1.95;1.41;1.35;0.25;0.15;0.11;3.66;0.76;1.48;1.75;1.11;0.22;0.11;1.45;2.70;0.34;1.37;2.04;0.00;8.44;1.35;0.14;0.87;4.20;4.18;4.98
1962-07-01;2.10;1.37;0.69;3.22;0.03;0.45;1.23;1.91;1.77;2.00;1.99;2.41;2.45;1.81;1.40;0.11;2.00;1.31;0.11;2.67;0.98;6.69;2.45;0.00;4.53;0.81;1.58;1.11;2.18;5.59;3.67
1962-08-01;1.23;2.11;0.71;0.36;0.09;0.99;1.69;0.78;1.78;1.46;1.66;2.26;0.43;0.89;1.33;0.10;1.61;1.58;0.25;2.41;9.85;7.00;3.21;0.01;2.84;2.47;2.51;0.51;8.20;3.30;2.18
1962-09-01;0.88;1.88;1.59;1.99;1.68;1.40;2.70;2.29;2.36;1.98;0.97;4.40;2.07;2.24;1.98;1.37;2.22;1.87;2.09;2.74;3.32;4.13;2.79;0.02;2.50;1.21;1.84;1.75;4.65;1.29;4.95
1962-10-01;1.67;1.34;1.63;1.46;2.11;1.64;1.04;1.25;0.75;0.65;1.91;5.37;0.97;1.67;1.91;4.44;1.42;1.47;6.11;1.52;1.68;11.60;1.88;0.02;5.71;1.27;1.64;2.60;6.68;1.74;1.77
1962-11-01;3.27;3.77;3.13;2.13;4.78;3.39;2.18;3.02;1.10;1.19;3.19;3.35;2.39;4.39;2.14;6.96;1.81;3.07;5.46;2.33;0.01;0.87;3.53;0.01;4.75;2.21;0.82;1.92;7.69;1.47;0.41
1962-12-01;1.55;2.82;1.35;1.92;2.75;2.24;2.83;2.26;2.63;2.05;1.56;4.72;1.81;2.64;7.19;6.02;1.78;1.99;1.06;6.36;0.00;0.76;2.60;0.00;1.30;2.83;4.70;1.64;2.59;1.15;2.11
1963-01-01;0.57;1.12;1.11;1.76;2.21;1.90;1.99;1.69;1.31;1.90;0.62;2.91;1.72;2.06;2.47;7.90;0.59;0.77;3.79;3.14;0.00;0.28;2.08;0.03;0.26;2.76;4.63;1.41;2.41;0.88;0.14
1963-02-01;0.89;3.09;1.46;2.99;4.76;2.40;2.84;2.06;1.41;1.12;0.72;3.64;2.79;3.22;4.23;9.88;0.43;1.02;3.71;3.44;0.00;0.06;2.55;0.08;0.91;4.08;1.51;0.94;4.73;1.53;0.32
1963-03-01;3.08;3.53;2.56;4.13;0.70;2.51;2.89;2.70;2.36;2.40;2.90;2.47;4.19;2.22;6.24;2.95;2.65;2.27;1.24;6.35;0.00;0.33;4.02;0.04;2.85;2.01;3.78;0.80;0.97;0.99;2.11
1963-04-01;2.21;2.46;2.67;1.93;2.44;2.25;4.09;2.78;1.47;1.63;2.25;3.26;1.91;4.85;4.01;3.82;1.54;2.34;1.82;3.42;0.00;2.78;1.56;0.02;2.33;1.40;8.10;0.83;1.65;0.84;0.88
1963-05-01;2.22;1.30;0.81;1.82;0.32;1.46;2.53;2.81;2.37;2.31;2.18;3.66;1.20;3.02;3.91;1.31;1.45;1.26;0.53;4.60;0.00;5.73;1.35;0.03;6.67;1.08;5.73;1.37;5.11;0.61;3.50
1963-06-01;3.84;2.30;2.39;4.10;1.30;3.65;3.72;3.97;3.23;3.62;3.58;1.91;3.25;3.75;6.54;1.28;3.97;3.16;1.48;8.13;0.00;4.27;2.59;0.00;5.53;1.90;6.53;0.50;2.90;3.72;4.38
1963-07-01;0.54;1.36;0.53;1.27;0.89;1.31;2.43;2.41;1.89;1.24;0.45;2.21;0.89;3.41;3.02;0.90;0.84;1.45;2.15;3.43;1.78;3.96;2.86;0.02;3.10;2.06;1.74;0.74;3.91;2.17;6.72
1963-08-01;3.33;2.94;2.33;5.04;1.83;3.78;6.17;3.75;5.77;3.86;3.22;1.29;4.41;4.41;6.48;0.95;2.64;3.01;1.54;8.77;4.55;7.46;1.66;0.01;2.32;1.43;5.66;1.84;3.01;2.28;3.11
1963-09-01;1.36;1.42;1.11;2.64;3.36;3.95;2.87;2.81;1.92;1.34;1.43;4.33;2.28;3.36;4.40;1.46;1.48;1.79;11.03;4.37;3.71;3.47;4.32;0.01;3.78;1.32;1.82;1.35;3.28;2.03;4.02
1963-10-01;1.08;1.25;0.94;1.31;3.09;0.92;1.08;1.06;1.15;1.12;0.97;5.73;1.32;2.60;1.74;3.00;1.42;1.10;0.35;1.41;5.89;3.75;0.38;0.09;10.75;1.63;1.59;0.98;5.10;1.84;2.70
1963-11-01;3.39;5.98;4.04;2.65;5.24;1.90;6.28;2.11;2.85;3.08;3.65;3.41;3.04;5.96;5.73;7.73;3.15;2.76;0.62;6.37;0.00;0.66;5.46;0.06;2.31;1.82;1.31;1.73;4.50;1.94;0.95
1963-12-01;0.30;1.79;0.82;1.25;4.75;1.15;0.88;0.79;0.07;0.11;0.36;4.10;1.17;2.16;0.85;4.64;0.27;0.42;2.37;0.36;0.00;2.20;1.82;0.08;1.62;2.65;4.32;0.96;5.75;0.72;0.39
1964-01-01;0.88;0.93;0.53;0.19;1.63;0.32;1.19;0.61;0.93;1.17;0.79;6.34;0.17;1.00;0.28;0.39;0.66;0.64;0.42;0.54;0.00;0.00;3.71;0.06;4.21;3.55;0.80;2.00;4.55;0.55;1.45
1964-02-01;1.82;2.55;2.39;3.16;3.22;2.89;2.53;2.12;1.81;1.58;1.94;3.25;2.99;4.24;2.80;5.75;1.11;2.38;1.41;1.93;0.01;0.01;3.31;0.04;2.14;3.43;0.97;1.76;8.29;1.83;0.23
1964-03-01;1.79;3.57;2.57;2.06;3.50;3.08;4.07;2.83;3.77;3.42;1.85;3.67;2.31;3.37;6.86;3.71;2.22;2.29;2.19;6.31;0.00;0.00;1.60;0.03;3.33;2.05;2.54;3.32;4.61;1.34;1.06
1964-04-01;2.30;2.23;2.54;2.76;1.43;2.61;2.26;3.10;2.29;2.03;2.15;2.99;2.73;3.83;3.17;1.47;2.14;2.72;0.66;4.04;0.00;0.64;4.06;0.18;3.09;1.46;3.60;0.68;4.34;1.03;2.41
1964-05-01;1.76;2.10;1.77;2.04;1.46;1.77;2.96;3.97;2.29;2.20;1.75;2.13;1.96;3.54;3.15;0.34;1.80;2.60;1.66;4.38;0.01;3.19;1.33;0.08;4.70;1.58;1.39;1.32;6.40;2.44;3.57
1964-06-01;2.80;1.98;2.03;0.65;0.49;1.37;1.48;2.81;1.63;0.57;2.82;3.75;0.68;2.09;3.58;1.21;3.66;3.70;0.54;3.55;0.04;4.03;1.88;0.00;4.78;1.96;10.81;0.82;4.22;0.76;4.34
1964-07-01;0.68;0.58;0.98;0.59;0.15;0.75;1.95;1.91;1.25;1.12;0.51;3.75;0.53;1.89;2.22;0.44;0.69;0.66;1.28;2.89;3.47;8.79;3.20;0.00;4.10;2.11;0.47;2.20;12.43;1.74;3.44
1964-08-01;1.07;0.94;0.70;0.84;1.77;1.14;3.50;2.98;1.94;2.15;0.93;1.64;1.02;2.78;4.11;0.87;1.03;0.73;2.00;4.42;7.03;4.89;0.88;0.01;8.43;2.40;1.58;0.78;3.41;1.85;1.47
1964-09-01;2.05;1.07;1.39;3.39;1.75;1.28;2.27;2.91;2.44;2.82;1.85;2.04;2.21;2.98;1.77;1.42;1.36;1.10;1.57;2.12;3.34;4.12;2.61;0.03;8.20;1.29;1.15;1.64;8.97;1.60;2.19
1964-10-01;1.71;2.63;2.19;4.29;3.19;2.71;2.76;2.63;2.05;2.16;1.79;4.84;4.65;2.56;4.76;7.96;1.98;1.76;1.65;5.71;0.02;4.86;1.35;0.00;4.16;1.15;3.17;2.43;11.89;0.85;0.97
1964-11-01;1.27;1.61;1.11;1.17;1.87;1.73;1.13;1.53;3.04;2.19;1.40;5.18;1.13;1.68;1.89;3.25;1.91;1.28;4.49;2.06;0.00;3.38;2.15;0.29;2.37;1.75;1.22;3.17;5.27;2.20;2.07
1964-12-01;1.72;3.97;1.88;1.58;3.72;2.00;1.49;1.64;1.14;1.14;1.89;3.35;1.31;1.57;1.96;5.17;2.13;3.58;4.80;1.69;0.00;0.59;3.95;0.08;1.86;3.86;1.40;1.62;10.13;2.20;1.04
1965-01-01;3.11;3.82;2.98;3.56;2.19;2.86;2.88;2.70;4.29;4.04;3.07;3.28;3.55;2.77;4.29;3.85;1.91;3.86;1.08;4.66;0.00;0.03;3.37;0.39;1.56;4.80;0.74;1.62;1.92;1.78;0.23
1965-02-01;0.34;0.38;0.15;0.41;0.96;1.02;0.81;1.34;1.52;0.89;0.32;2.83;0.30;1.26;1.34;2.09;0.70;0.73;1.09;1.24;0.01;0.05;2.51;0.02;0.77;6.57;0.57;1.01;3.90;1.03;1.48
1965-03-01;2.60;3.27;2.71;3.14;2.18;2.89;3.41;2.71;3.64;3.53;3.04;1.48;3.35;2.60;5.33;5.48;1.67;2.80;1.38;6.09;0.00;0.56;2.50;0.05;1.34;1.78;0.40;0.99;2.71;1.01;0.45
1965-04-01;1.97;1.34;1.06;1.96;0.15;3.44;3.17;3.73;4.11;3.52;2.08;2.33;2.14;2.68;5.52;1.80;2.62;1.85;0.72;6.44;0.00;2.27;2.25;0.03;3.64;1.15;2.08;1.38;7.15;1.69;2.39
1965-05-01;2.18;1.75;1.67;1.91;0.36;3.04;3.90;5.42;5.66;3.70;2.25;1.63;1.42;4.14;5.01;1.28;2.79;2.17;0.64;5.95;0.00;5.31;1.15;0.01;8.56;1.42;1.05;0.60;7.26;2.70;3.84
1965-06-01;2.06;1.17;1.90;1.62;1.03;2.05;3.10;3.95;5.04;3.28;2.11;3.16;1.71;2.91;3.45;0.83;2.20;2.45;0.58;4.80;0.16;4.60;1.25;0.06;4.43;2.10;3.66;0.37;5.64;2.67;2.81
1965-07-01;1.44;1.67;1.90;1.69;0.62;2.56;3.90;4.38;4.51;3.54;1.77;1.34;1.62;3.64;5.93;0.13;2.60;2.32;0.86;8.55;0.52;3.57;2.58;0.01;7.15;1.00;2.46;0.93;3.25;4.43;3.97
1965-08-01;2.97;2.38;2.39;1.70;2.63;1.89;1.60;3.53;2.06;1.75;2.53;2.21;1.83;1.09;2.88;0.85;2.22;1.95;1.23;3.72;4.91;4.80;2.64;0.01;4.32;2.58;0.45;1.33;5.15;2.94;7.31
1965-09-01;3.68;3.17;2.90;5.45;4.77;4.03;8.45;7.95;4.04;4.75;3.34;3.32;5.17;8.24;7.24;6.48;2.83;3.86;1.63;6.96;4.10;3.20;1.01;0.01;9.55;1.90;1.71;0.65;2.72;2.29;2.37
1965-10-01;0.53;0.88;0.84;1.19;3.75;2.90;1.89;1.16;0.92;0.48;0.60;6.92;0.98;2.76;1.94;2.28;0.61;0.64;11.84;1.47;0.53;1.12;1.71;0.05;2.33;1.91;3.11;1.91;5.75;1.61;2.03
1965-11-01;3.52;5.48;4.70;5.37;2.87;2.79;4.11;3.93;3.91;3.56;3.68;2.12;5.25;3.28;6.93;9.05;2.57;3.99;0.95;8.65;0.28;1.57;1.17;0.04;3.66;2.57;1.04;1.48;8.18;1.52;0.84
1965-12-01;4.03;6.81;4.01;5.86;2.55;6.55;4.33;3.56;5.12;5.16;4.14;1.56;5.59;3.52;8.89;5.46;3.70;4.72;1.35;10.13;0.00;1.03;1.44;0.01;2.19;3.50;1.53;1.53;9.26;3.01;0.47
1966-01-01;1.50;2.51;2.49;3.44;2.20;3.92;2.97;2.78;1.92;1.90;1.46;2.73;3.26;2.41;4.57;4.39;1.40;2.28;0.84;5.16;0.00;0.45;2.78;0.26;1.03;3.06;0.34;1.59;7.95;1.64;0.40
1966-02-01;1.83;5.04;3.69;4.32;4.32;3.25;3.94;3.14;3.08;3.02;1.92;1.29;4.56;4.27;7.26;6.24;2.59;2.20;2.05;5.70;0.00;0.04;3.27;0.11;3.80;3.34;2.38;0.42;6.98;2.69;2.34
1966-03-01;0.84;1.10;0.95;1.04;0.41;1.73;1.97;2.33;2.96;2.21;0.91;3.48;1.01;2.07;3.67;1.68;1.52;1.05;0.59;4.06;0.00;0.04;1.82;0.10;4.80;3.35;3.84;0.79;4.50;2.45;2.84
1966-04-01;2.93;3.86;4.43;3.73;2.13;3.08;3.99;4.26;2.86;3.86;2.82;2.45;3.04;3.35;5.16;2.36;2.62;4.09;2.18;5.20;0.00;1.31;2.56;0.01;3.92;1.28;2.39;1.01;6.83;1.20;1.57
1966-05-01;2.25;2.03;1.48;2.08;1.41;4.02;3.27;2.79;2.42;2.92;2.37;4.51;1.88;3.33;4.04;1.75;1.50;1.76;2.95;3.99;0.00;2.14;2.96;0.01;4.65;1.53;1.64;0.55;9.70;1.76;2.94
1966-06-01;1.62;2.09;2.76;3.88;1.28;1.76;2.66;2.05;2.97;2.60;1.65;4.61;3.84;2.52;3.68;0.64;2.51;3.27;0.31;5.16;0.04;6.59;1.04;0.01;10.48;1.32;3.99;1.94;7.28;1.62;3.14
1966-07-01;2.77;0.94;1.23;1.26;0.55;1.81;2.31;3.10;2.25;2.80;2.78;2.60;1.59;2.01;4.39;0.66;3.14;1.99;1.25;4.26;0.21;6.55;1.57;0.00;3.42;1.04;0.77;1.80;7.59;2.26;3.75
1966-08-01;2.30;1.95;1.95;1.29;1.34;1.43;2.30;2.43;4.76;3.05;2.04;2.90;1.39;1.71;3.45;1.12;1.94;1.55;1.02;4.93;2.57;5.46;1.48;0.01;2.35;1.08;2.20;1.03;7.18;2.03;3.84
1966-09-01;1.03;1.54;1.16;1.26;1.24;0.97;1.47;1.07;1.59;0.93;0.90;3.02;1.02;1.39;1.32;1.65;0.92;1.51;0.37;2.04;5.17;11.29;4.12;0.06;7.44;2.31;1.90;0.90;4.54;2.61;2.23
1966-10-01;3.93;5.13;6.96;2.57;3.62;3.44;3.96;3.38;2.36;2.33;4.11;1.60;3.22;6.02;4.36;7.38;3.07;4.46;4.56;4.01;3.65;6.24;3.05;0.02;4.38;1.17;2.02;1.28;9.57;1.51;2.33
1966-11-01;2.29;2.68;3.07;5.34;3.54;3.64;3.16;2.92;2.92;2.90;2.25;5.95;5.20;4.19;6.24;6.86;2.79;4.04;1.41;4.59;0.00;5.87;3.61;0.61;2.06;1.79;3.53;1.95;9.73;1.45;0.16
1966-12-01;3.12;3.74;2.37;2.76;0.66;3.97;3.35;3.51;4.88;4.38;3.24;3.23;2.91;2.95;6.63;5.87;3.52;2.79;1.19;7.86;0.00;0.76;3.52;0.94;1.04;4.17;1.99;2.43;7.93;2.62;0.54
1967-01-01;1.53;3.04;1.89;1.93;1.52;2.42;1.83;1.64;2.41;1.73;1.49;3.56;1.93;2.03;2.47;2.80;0.93;1.45;1.16;2.61;0.00;0.27;1.02;0.21;1.48;4.79;3.50;0.84;3.77;1.25;2.10
1967-02-01;2.37;2.83;3.17;2.65;3.58;0.88;2.74;2.09;2.24;2.52;2.31;4.45;2.78;3.26;4.43;2.66;1.97;2.48;3.52;4.92;0.01;0.00;3.06;0.04;2.76;3.41;3.22;1.95;4.52;0.76;0.29
1967-03-01;1.53;2.49;1.98;1.58;0.56;2.06;2.95;2.68;2.60;2.11;1.59;3.12;1.77;3.11;4.30;1.06;1.74;1.84;0.97;5.04;0.00;0.40;4.21;0.04;3.34;3.11;3.61;0.98;1.51;1.89;3.24
1967-04-01;1.32;1.10;1.14;1.37;0.94;1.95;0.94;1.26;1.55;1.70;1.46;4.47;1.77;1.57;1.83;0.73;1.91;1.51;1.15;2.03;0.00;2.71;2.73;0.00;3.85;1.52;0.85;1.86;6.87;1.67;1.23
1967-05-01;3.52;3.81;3.69;3.20;1.13;2.68;4.05;3.86;3.82;3.77;3.66;1.18;3.11;3.97;6.11;2.09;3.36;3.21;1.18;7.17;0.01;3.94;4.50;0.05;1.91;1.46;1.46;0.45;9.42;1.35;2.94
1967-06-01;1.69;1.03;0.97;2.14;0.83;2.18;2.62;2.95;2.53;2.29;1.57;4.45;2.26;2.94;3.94;1.30;1.54;0.90;0.44;4.45;0.12;4.52;1.47;0.00;3.05;0.87;3.85;1.66;6.39;1.69;3.29
1967-07-01;0.83;1.59;0.46;1.98;0.14;1.21;2.31;1.97;2.65;1.64;0.63;1.86;1.91;2.49;4.38;0.12;1.49;0.61;0.60;4.24;3.31;6.81;5.34;0.00;3.43;1.19;1.65;2.53;5.10;1.38;1.94
1967-08-01;2.28;2.51;1.57;1.60;0.42;1.10;2.90;5.23;2.99;2.12;2.38;4.46;1.29;1.91;4.12;0.48;2.06;1.97;0.52;3.97;6.95;4.01;4.56;0.01;3.30;0.80;5.21;2.01;2.57;2.86;4.35
1967-09-01;3.06;2.99;1.94;3.07;2.68;2.01;4.43;3.62;4.12;3.60;2.47;4.17;2.76;3.20;4.68;2.07;2.14;2.59;2.73;5.38;6.62;2.38;1.91;0.01;8.46;2.37;3.07;2.57;3.09;0.81;6.52
1967-10-01;2.90;3.56;2.38;2.56;0.45;1.14;1.05;1.37;2.25;3.41;2.97;1.65;2.16;0.88;2.61;1.45;2.41;3.32;1.62;3.52;5.90;6.11;0.99;1.53;10.06;0.74;2.60;2.50;3.70;1.69;2.28
1967-11-01;1.96;3.09;2.74;2.52;3.41;2.14;5.24;3.80;3.01;2.17;1.87;4.55;2.86;4.58;5.54;4.54;1.28;1.64;4.34;4.80;0.08;1.47;1.84;0.08;2.79;3.13;1.66;2.25;8.85;1.03;0.34
1967-12-01;2.02;2.47;1.87;1.42;0.92;2.42;1.92;2.76;3.16;2.79;2.15;6.03;1.44;1.67;3.37;4.25;2.20;2.42;0.67;4.34;0.00;0.46;4.52;0.05;1.30;4.09;0.84;0.72;7.87;2.04;0.40
1968-01-01;2.83;2.39;1.39;1.46;0.53;2.31;2.96;3.06;4.35;4.05;2.90;5.01;1.39;2.49;6.70;3.70;2.53;2.57;0.27;7.73;0.00;0.04;2.20;0.02;0.52;2.95;4.25;0.72;2.84;1.80;1.20
1968-02-01;2.62;2.67;2.40;2.61;4.06;3.06;3.41;2.47;2.62;2.61;2.88;3.99;2.36;3.31;3.85;6.30;2.17;2.83;2.14;3.72;0.10;0.17;0.90;0.07;2.87;4.09;0.56;1.49;0.46;1.36;1.77
1968-03-01;1.67;1.66;1.46;1.43;0.84;1.32;1.12;1.46;1.94;1.88;1.70;4.56;1.50;1.15;1.78;2.24;1.71;1.28;1.23;2.51;0.00;0.27;4.70;0.41;3.48;2.39;1.80;0.50;6.00;1.15;0.53
1968-04-01;1.55;2.50;3.09;4.04;1.95;2.19;2.44;3.33;3.64;1.94;1.65;3.37;3.92;2.70;2.96;1.97;1.53;2.65;1.06;3.72;0.00;3.66;1.80;0.04;3.61;2.50;0.77;0.48;4.27;2.09;4.30
1968-05-01;2.68;2.04;2.08;2.93;2.16;4.83;4.50;6.22;3.65;3.08;2.62;1.28;2.46;5.24;5.35;2.89;1.81;2.05;2.55;4.38;0.00;3.95;5.19;0.01;4.69;2.01;4.22;0.33;5.43;1.93;4.59
1968-06-01;2.14;2.34;2.03;2.12;1.38;2.75;1.94;1.46;2.19;1.85;2.03;3.04;1.53;2.06;4.50;1.55;2.34;2.25;1.29;4.92;0.01;4.81;3.30;0.00;3.52;1.80;0.89;1.46;7.40;1.39;5.76
1968-07-01;1.86;2.17;2.41;3.41;0.57;2.47;2.14;3.88;2.94;2.87;2.45;1.42;3.36;1.79;4.43;0.87;4.53;2.49;0.58;5.08;0.47;5.77;0.94;0.00;5.92;1.53;0.87;0.63;4.43;5.07;2.97
1968-08-01;2.86;1.62;1.99;5.30;1.60;3.49;5.02;4.38;6.61;4.81;2.44;4.16;4.33;3.12;7.43;1.77;3.34;2.33;1.88;9.14;0.39;2.22;0.84;0.01;7.68;2.10;1.59;1.71;5.24;1.78;1.64
1968-09-01;3.03;3.89;2.73;2.70;2.83;3.31;4.92;4.92;4.93;4.79;3.11;2.77;3.20;3.62;6.23;1.25;4.01;2.61;2.30;6.91;3.44;4.72;2.25;0.01;2.34;1.28;0.23;1.87;5.71;1.62;2.77
1968-10-01;1.32;3.01;1.46;1.69;2.37;0.60;1.44;1.71;2.44;1.61;1.30;2.00;1.43;1.95;2.20;0.87;1.60;1.54;0.47;2.13;0.35;3.80;2.67;0.04;6.93;1.58;0.29;1.24;7.20;3.06;0.94
1968-11-01;1.19;1.92;1.11;1.11;5.68;3.10;2.58;1.94;1.60;1.59;1.06;3.11;1.06;4.98;4.33;5.88;1.05;1.31;7.13;3.97;0.03;1.37;4.54;0.01;0.66;2.79;0.58;1.57;5.63;1.07;0.53
1968-12-01;1.33;3.09;1.68;3.35;2.69;3.12;3.54;2.88;1.82;1.84;1.30;3.62;3.20;2.75;6.07;7.54;1.46;1.46;3.54;5.80;0.11;0.40;3.26;0.19;5.58;4.48;2.91;1.19;7.03;1.50;1.01
1969-01-01;1.42;3.28;2.19;2.49;2.75;1.67;2.34;1.60;2.11;1.90;1.50;1.76;2.55;3.00;3.68;4.52;1.57;1.73;0.70;3.33;0.00;0.01;1.37;0.50;2.90;3.39;0.41;1.32;3.00;0.73;1.05
1969-02-01;2.10;3.04;2.27;2.22;3.51;1.86;2.94;3.05;3.17;2.73;2.05;3.12;2.20;3.41;4.28;6.80;2.34;2.51;1.18;4.17;0.00;0.09;4.01;0.02;3.96;2.76;4.54;1.56;2.49;0.74;0.47
1969-03-01;2.44;2.40;2.78;3.96;4.43;4.41;2.99;3.35;2.95;2.47;2.44;6.34;3.53;3.80;3.80;4.86;2.01;2.06;6.86;3.44;0.00;0.08;2.49;0.25;4.60;1.73;3.68;1.67;4.91;0.63;1.01
1969-04-01;1.60;2.12;1.51;3.03;1.30;3.84;3.66;4.58;4.33;3.83;1.71;4.03;2.54;3.73;4.72;2.33;2.02;1.25;7.31;5.13;0.02;1.79;3.19;0.02;2.94;1.62;4.98;0.93;7.28;1.89;0.71
1969-05-01;2.49;4.20;3.60;4.49;2.75;1.94;3.52;3.64;2.78;3.27;2.33;1.70;4.27;4.22;4.59;2.79;3.57;4.78;0.96;5.74;0.00;5.85;2.38;0.03;3.61;1.70;1.72;0.57;8.55;2.14;0.78
1969-06-01;2.29;1.85;1.08;2.73;0.93;1.93;5.10;4.67;5.21;4.02;2.07;5.27;1.86;4.84;8.20;0.66;2.62;1.88;1.06;7.50;0.00;2.37;1.85;0.00;5.88;2.50;5.45;0.24;8.20;2.97;1.37
1969-07-01;3.01;1.93;0.48;1.59;0.53;1.49;2.09;1.52;2.49;2.41;2.90;3.46;1.21;2.54;3.97;0.71;1.93;1.84;1.72;4.22;2.86;3.66;5.04;0.01;5.07;0.75;0.64;0.45;6.58;1.83;3.57
1969-08-01;2.57;1.17;1.22;1.41;0.56;2.43;3.20;3.03;4.09;3.81;2.41;5.39;1.33;2.71;4.91;1.01;3.04;1.63;1.46;5.17;9.01;3.26;2.39;0.02;2.99;1.75;3.42;1.33;9.20;2.97;6.42
1969-09-01;1.06;2.44;2.03;4.72;3.20;4.51;1.83;4.48;0.90;0.96;1.16;4.82;4.96;5.28;3.08;3.36;0.71;1.62;3.87;2.72;5.99;1.09;3.86;0.01;5.18;1.38;2.16;2.88;7.93;2.31;5.33
1969-10-01;0.33;0.73;0.54;0.84;1.45;2.09;0.56;1.10;0.16;0.15;0.35;6.72;0.94;1.44;0.36;0.78;0.27;0.31;6.58;0.20;1.88;6.91;1.55;0.33;5.46;2.33;2.67;2.53;7.18;1.77;0.85
1969-11-01;3.36;5.43;3.49;3.75;2.72;1.50;3.44;3.36;3.38;3.81;3.15;1.66;4.43;2.72;6.88;5.38;2.80;3.07;0.63;7.35;0.00;2.84;3.90;0.01;3.77;1.97;3.79;1.03;8.91;3.47;0.29
1969-12-01;1.93;3.40;2.40;2.86;2.92;4.60;1.77;2.55;2.39;2.25;1.91;3.97;2.90;2.31;3.46;5.38;1.91;1.98;2.85;3.64;0.08;1.34;6.77;0.00;0.83;2.76;0.97;2.05;6.03;1.17;0.61
1970-01-01;2.51;3.44;2.21;3.01;4.05;1.91;3.07;3.19;2.83;3.40;2.64;2.31;2.79;4.14;4.69;4.93;2.35;2.22;1.54;4.17;0.00;0.06;0.94;0.07;1.69;2.78;3.39;1.24;3.55;2.95;0.25
1970-02-01;4.55;5.03;3.05;2.95;0.83;3.59;4.53;4.51;7.04;6.46;4.39;3.06;3.23;3.24;9.89;5.07;3.48;4.43;0.43;12.97;0.00;0.34;3.02;0.01;1.58;3.71;1.54;0.47;4.81;2.12;0.88
1970-03-01;2.14;2.24;1.84;1.81;1.94;2.69;3.97;3.16;2.64;2.70;2.07;4.63;1.83;3.49;6.49;4.13;2.82;2.39;2.80;6.36;0.01;0.75;3.58;0.06;1.59;2.69;2.42;1.38;2.31;1.54;0.04
1970-04-01;2.51;1.78;1.78;1.96;0.49;3.04;4.53;3.39;4.60;3.51;2.50;2.53;1.75;3.16;8.05;1.49;2.76;2.67;0.96;9.58;0.02;1.53;2.72;0.06;2.80;2.48;1.43;0.43;4.98;3.09;0.17
1970-05-01;1.90;1.27;1.48;2.31;1.51;3.64;3.00;2.62;4.52;3.53;1.85;4.91;1.97;3.19;3.80;1.05;1.41;2.72;2.62;4.08;0.00;8.48;2.20;0.00;3.71;1.81;1.19;0.87;7.06;0.95;1.40
1970-06-01;3.11;2.45;2.64;2.96;0.47;5.25;3.33;5.61;4.30;4.76;3.03;2.38;2.84;3.54;4.95;1.19;1.32;1.80;1.18;5.27;0.00;2.72;2.38;0.00;8.71;1.86;0.90;1.41;6.14;2.48;7.50
1970-07-01;1.62;1.48;1.13;1.16;0.06;1.86;1.99;2.09;2.76;2.54;1.53;1.37;0.79;1.87;3.22;0.13;1.86;1.52;0.13;4.76;0.92;3.71;3.00;0.01;4.94;1.02;0.09;1.65;6.16;1.96;5.16
1970-08-01;1.91;2.83;3.01;4.30;0.61;1.75;4.06;3.31;3.49;2.50;1.70;3.50;4.13;3.64;4.76;0.31;1.28;1.55;1.89;6.13;3.41;3.55;1.79;0.02;3.53;2.07;0.97;2.10;5.20;1.50;2.99
1970-09-01;2.03;1.97;1.51;2.26;0.43;0.48;2.71;2.39;1.71;1.91;2.18;3.13;1.51;2.85;2.35;0.20;2.24;1.76;0.43;2.66;6.09;2.94;1.31;0.01;3.49;1.43;3.74;2.14;7.02;1.96;5.21
1970-10-01;0.70;1.27;1.09;0.97;2.28;1.74;3.58;2.76;2.57;2.83;0.72;5.32;0.77;5.58;3.07;0.73;1.93;1.16;4.18;2.83;0.12;3.53;1.84;0.02;4.34;1.32;1.56;1.50;7.60;4.12;1.07
1970-11-01;2.26;4.84;3.33;3.08;1.79;2.07;3.68;1.55;2.37;2.10;2.34;2.08;3.30;3.34;4.87;5.88;2.78;3.24;0.46;4.95;0.01;0.41;4.68;0.44;7.30;1.94;2.83;0.58;4.94;1.92;0.25
1970-12-01;1.03;1.96;0.56;0.95;2.84;1.24;2.23;2.12;1.54;1.42;1.04;4.76;0.99;2.52;2.92;4.94;1.30;1.46;4.95;2.12;0.02;0.17;3.49;0.09;1.41;4.66;7.05;1.42;3.74;1.50;0.05
1971-01-01;1.64;4.95;2.81;3.53;3.26;2.92;2.53;3.20;1.33;2.20;1.64;1.70;3.45;4.68;3.64;6.31;2.19;1.96;1.81;3.66;0.00;0.35;2.17;0.94;0.84;3.95;4.90;0.68;4.55;1.68;0.31
1971-02-01;1.29;1.49;0.93;2.67;0.70;3.21;1.66;2.18;1.73;1.60;1.26;6.32;2.93;1.41;2.60;3.05;1.42;1.52;0.69;2.55;0.01;0.12;4.15;0.16;1.85;2.80;4.31;1.53;2.61;1.12;0.18
1971-03-01;1.40;2.73;1.84;1.54;3.05;3.75;4.04;2.92;1.82;1.44;1.46;4.84;1.43;3.91;5.71;5.80;1.48;1.66;2.29;3.83;0.04;0.21;2.77;0.01;2.85;2.61;1.31;1.47;2.12;1.23;1.00
1971-04-01;1.62;1.69;1.92;3.37;4.58;3.39;2.99;2.94;1.21;0.82;1.61;4.54;3.42;4.92;3.82;3.86;0.83;1.87;4.56;3.18;0.00;1.26;2.15;0.24;4.30;1.70;0.74;0.92;1.55;1.96;1.00
1971-05-01;3.42;1.63;5.12;4.35;2.74;4.75;3.72;3.53;2.36;2.54;3.20;3.64;4.24;4.33;5.21;3.62;2.24;2.90;3.17;5.73;0.00;3.71;4.04;0.04;3.34;1.27;2.91;1.06;5.37;0.79;2.37
1971-06-01;3.68;1.97;2.31;3.78;1.18;3.68;4.90;4.26;4.22;3.79;3.49;0.57;4.05;4.83;7.39;2.63;3.31;3.08;2.16;8.47;0.09;2.79;1.11;0.00;4.73;1.11;1.64;0.38;4.65;3.57;6.78
1971-07-01;1.64;0.81;1.20;4.83;0.44;2.08;2.10;5.42;0.80;1.22;1.56;2.80;4.05;2.29;3.09;0.63;1.07;1.31;1.21;2.69;1.05;1.80;3.14;0.01;3.40;1.56;1.22;2.35;4.14;3.83;3.30
1971-08-01;2.86;2.45;2.33;3.72;1.21;2.49;4.12;4.39;3.70;2.48;2.19;1.99;3.85;3.20;4.24;0.17;1.77;2.78;1.11;5.51;4.71;4.36;3.91;0.02;5.62;1.50;1.42;1.72;9.90;1.41;4.11
1971-09-01;0.55;1.74;1.67;3.08;1.41;1.81;1.36;1.21;1.12;1.03;0.70;4.28;2.77;0.81;2.17;2.10;0.68;0.63;2.74;2.53;2.99;4.26;4.53;0.01;11.14;1.84;0.76;1.41;5.23;2.65;4.41
1971-10-01;0.60;1.24;0.57;1.05;0.49;1.09;0.76;1.03;1.81;2.01;0.61;4.23;0.99;1.08;1.98;1.28;0.96;0.74;1.89;1.32;0.94;3.68;3.14;0.03;8.99;1.88;0.35;1.84;7.19;4.18;4.03
1971-11-01;2.46;3.74;1.83;2.70;5.31;2.84;3.71;3.60;3.61;2.94;2.41;4.46;2.53;3.41;6.69;7.92;3.10;2.92;0.89;6.02;0.04;0.54;3.92;0.07;1.61;2.83;1.72;0.45;5.47;2.71;0.94
1971-12-01;0.29;1.29;0.70;1.75;2.48;2.34;1.47;1.56;1.29;0.75;0.37;5.65;1.63;1.62;0.87;1.40;0.51;0.58;7.10;0.60;0.00;0.53;1.96;0.64;2.14;3.84;4.38;1.90;5.39;1.56;0.94
1972-01-01;3.05;4.12;3.01;2.81;5.48;4.37;2.87;3.04;1.49;1.43;3.17;4.06;2.77;5.95;2.88;4.49;2.52;2.41;3.83;2.24;0.00;0.04;2.05;0.42;4.06;2.76;7.44;2.67;1.61;0.37;0.44
1972-02-01;3.00;5.39;3.93;4.27;8.14;3.32;4.67;3.37;1.19;2.34;2.95;5.05;4.22;7.46;6.06;7.37;2.06;3.59;2.66;3.92;0.00;0.04;5.03;0.08;5.75;2.69;2.48;2.00;1.67;0.71;0.48
1972-03-01;1.49;2.71;2.82;2.29;2.67;2.12;1.71;1.43;1.51;1.52;1.59;5.31;2.49;2.14;2.98;3.96;1.15;2.06;2.76;3.09;0.03;0.00;3.64;0.09;2.22;2.67;2.77;1.61;1.53;1.27;1.74
1972-04-01;2.57;3.25;2.27;2.26;2.54;4.33;3.31;3.19;3.18;2.78;2.77;3.52;2.11;3.48;4.99;2.90;2.60;2.68;2.11;5.62;0.01;1.38;3.48;0.22;6.40;3.32;2.58;0.42;4.85;2.13;0.97
1972-05-01;2.42;2.79;2.46;3.02;1.47;3.30;2.66;3.37;2.99;2.92;2.62;3.32;2.79;3.44;3.97;1.79;2.55;2.40;2.75;4.91;0.01;8.69;5.33;0.01;4.37;0.78;1.04;0.95;5.00;2.23;3.01
1972-06-01;2.60;2.32;1.10;2.24;2.50;1.75;3.13;3.93;3.60;2.77;2.37;3.01;1.64;3.19;4.98;2.09;2.74;2.55;2.99;5.00;0.05;2.55;7.95;0.00;5.05;0.79;2.12;1.18;5.96;1.23;3.59
1972-07-01;2.74;0.66;1.26;0.60;0.27;1.71;2.08;3.06;3.33;3.39;2.86;3.97;0.41;2.49;3.58;0.86;2.78;1.64;0.41;4.23;0.23;2.00;2.61;0.02;9.09;1.78;0.42;3.24;1.65;1.71;5.75
1972-08-01;3.79;1.68;1.77;6.56;0.83;6.20;3.07;5.51;2.62;4.65;3.27;4.47;5.27;3.00;4.66;0.64;1.54;1.50;1.31;5.27;2.17;1.55;1.44;0.03;4.77;1.50;3.05;2.93;2.83;0.59;2.92
1972-09-01;1.72;1.02;1.79;1.07;2.21;3.17;1.35;2.38;1.54;1.35;1.80;3.69;0.86;1.94;2.72;1.98;1.75;2.01;5.74;2.31;2.87;6.44;2.79;0.02;7.01;1.13;0.66;2.84;5.07;2.60;3.59
1972-10-01;0.99;2.98;1.54;1.46;3.97;1.36;3.12;2.88;1.09;0.67;0.99;5.25;1.40;4.17;2.22;4.11;0.89;1.53;1.81;1.70;1.28;6.21;4.92;0.03;2.86;2.01;4.22;1.45;4.37;2.95;1.15
1972-11-01;3.42;4.70;3.27;2.39;2.35;2.07;2.99;2.78;5.33;4.54;3.45;3.64;2.80;1.83;5.77;3.44;2.31;3.26;2.04;8.91;0.00;1.34;6.50;0.29;2.71;2.46;2.24;1.64;6.52;2.22;2.81
1972-12-01;0.76;3.26;1.17;2.11;3.32;0.89;2.53;1.65;1.08;0.81;0.77;5.32;1.83;3.81;2.45;4.32;0.69;0.75;1.48;1.74;0.04;2.58;4.20;0.09;3.28;4.74;1.30;2.90;6.96;1.12;0.51
1973-01-01;1.13;1.81;1.14;1.38;3.53;2.32;2.02;1.97;1.20;1.23;0.98;5.13;1.40;2.55;2.47;3.37;0.72;0.93;1.33;2.17;0.00;0.00;3.05;0.14;3.81;4.09;1.71;1.58;5.07;1.03;0.12
1973-02-01;1.88;2.18;1.64;2.40;2.22;3.61;2.07;2.74;2.60;2.36;1.81;5.95;2.26;2.77;4.13;2.28;1.60;1.76;0.93;4.32;0.05;0.00;2.90;0.09;1.94;3.18;5.17;0.96;2.61;2.19;0.32
1973-03-01;0.30;0.51;0.24;0.55;1.50;0.88;0.89;1.46;1.30;1.43;0.31;5.02;0.45;1.58;1.66;2.28;0.48;0.41;0.59;1.02;0.00;0.01;2.81;0.07;0.87;1.97;2.30;1.79;3.26;0.80;0.07
1973-04-01;2.05;2.12;1.79;1.63;0.90;1.53;3.50;2.32;3.61;2.72;1.96;2.85;1.46;2.78;4.53;2.82;2.40;2.09;0.80;4.55;0.00;0.27;5.08;0.03;6.15;2.59;0.91;1.31;5.06;2.58;1.78
1973-05-01;3.36;3.75;4.25;4.01;0.67;1.48;3.47;2.89;3.44;3.19;3.29;2.57;3.80;3.50;4.61;0.69;3.94;3.58;1.42;5.84;0.00;3.70;3.33;0.01;4.76;1.93;0.45;0.77;4.29;2.07;2.90
1973-06-01;2.03;1.25;0.69;2.86;1.48;3.32;2.04;3.10;3.88;1.80;1.81;4.07;2.43;3.16;5.55;1.51;2.02;1.76;2.87;5.65;0.09;3.85;3.80;0.01;4.86;0.85;2.59;1.39;5.39;0.56;7.15
1973-07-01;1.94;2.51;2.07;4.07;0.57;2.33;3.88;4.91;3.37;2.94;1.87;2.11;3.71;3.40;7.39;0.61;1.69;2.66;0.31;7.33;0.85;3.10;4.14;0.00;1.36;0.97;1.88;1.79;4.17;3.35;8.10
1973-08-01;1.25;1.09;1.55;2.66;0.29;2.34;2.63;3.06;3.45;2.44;1.15;4.43;2.06;2.56;3.73;0.86;1.13;1.29;1.09;4.52;4.72;4.91;4.22;0.02;2.41;2.48;2.05;1.16;4.90;4.37;8.60
1973-09-01;2.45;2.15;3.13;3.05;1.53;2.33;3.49;2.49;1.63;2.14;2.49;3.80;3.49;2.39;6.24;2.18;3.39;2.70;1.59;4.30;1.63;2.53;3.21;0.01;8.53;1.43;1.14;1.94;6.70;2.74;3.87
1973-10-01;1.32;2.12;1.98;2.14;6.72;1.57;2.26;1.96;2.65;1.76;1.42;5.95;1.85;2.71;3.21;2.02;1.49;1.86;0.50;3.65;0.05;3.71;2.51;0.01;6.80;1.56;6.51;1.48;6.38;3.43;2.17
1973-11-01;1.40;1.47;0.83;1.35;0.76;1.39;1.56;1.99;3.28;2.46;1.36;4.29;1.20;1.63;2.80;1.59;1.13;1.58;0.50;3.44;0.20;0.41;2.33;0.08;1.21;2.40;5.85;0.50;7.68;2.38;1.26
1973-12-01;1.76;2.02;1.78;2.44;3.60;3.62;2.55;2.63;2.27;2.73;1.72;3.78;2.27;6.25;2.85;4.48;1.33;1.67;4.00;3.60;0.00;0.62;6.85;0.04;0.12;3.31;1.52;0.99;4.64;1.97;0.34
1974-01-01;2.36;4.77;3.66;2.36;2.86;1.16;1.31;1.09;2.15;1.73;2.46;3.13;2.76;2.52;2.62;2.79;2.09;2.22;0.37;2.68;0.00;0.00;3.88;0.58;0.88;4.06;4.27;1.44;0.39;0.64;0.76
1974-02-01;1.54;5.50;3.11;3.44;5.91;4.24;4.80;3.46;2.55;2.19;1.65;4.46;3.08;5.85;6.46;5.23;2.06;2.23;2.97;5.32;0.00;0.00;2.63;0.06;3.23;1.79;2.05;1.55;3.51;1.49;0.93
1974-03-01;2.32;2.42;2.53;3.14;3.64;3.47;2.56;3.97;2.97;3.39;2.29;7.57;2.67;4.73;3.26;2.22;1.85;1.51;4.24;3.08;0.03;0.01;3.97;0.54;3.78;3.10;8.41;2.86;1.05;0.71;1.44
1974-04-01;1.21;1.80;1.19;2.51;4.35;2.73;2.22;2.94;0.63;0.91;1.07;5.05;2.27;3.96;3.55;4.71;0.94;1.24;2.35;2.50;0.00;0.37;2.66;0.02;4.96;1.99;5.14;0.92;2.90;1.17;2.14
1974-05-01;2.24;1.99;2.54;2.81;1.13;4.02;3.44;3.40;2.19;2.72;2.22;3.37;2.57;2.90;4.96;1.93;1.63;2.31;0.61;5.54;0.02;4.14;2.31;0.00;2.87;0.79;8.06;0.88;5.24;4.34;2.81
1974-06-01;2.81;1.42;1.42;1.92;0.33;4.05;2.49;4.56;3.07;2.86;2.66;4.35;1.33;2.68;4.85;1.17;2.34;3.46;0.75;5.44;0.00;1.19;3.01;0.01;7.10;2.37;5.01;1.40;5.49;1.43;5.57
1974-07-01;0.90;1.33;0.39;0.55;0.13;3.31;1.80;2.00;3.00;1.80;0.96;1.93;0.60;2.83;3.64;0.45;2.14;1.42;0.96;4.01;4.73;5.61;1.24;0.01;9.78;0.85;1.33;1.00;7.22;2.94;7.14
1974-08-01;1.75;1.73;1.42;3.41;1.46;2.22;2.23;3.54;3.17;2.04;1.70;2.71;2.79;3.26;3.21;0.47;2.63;2.02;2.41;3.61;4.57;3.34;3.24;0.00;4.03;1.56;3.38;1.73;4.92;1.50;2.35
1974-09-01;2.98;4.28;2.51;2.92;3.30;4.31;5.04;5.34;3.29;3.14;3.30;3.89;2.79;7.49;7.59;3.34;3.96;3.84;1.73;7.36;3.06;4.69;4.00;0.00;6.16;1.95;0.69;1.66;7.44;0.64;4.63
1974-10-01;3.65;2.08;1.84;2.53;0.34;4.13;3.85;4.08;6.16;5.48;3.64;5.21;2.45;2.63;5.73;3.30;3.99;4.43;0.77;7.46;0.55;3.84;1.33;0.01;5.06;2.07;1.81;1.43;6.06;2.36;1.09
1974-11-01;3.46;4.86;3.61;2.55;1.35;2.83;4.04;3.29;3.55;3.59;3.82;3.07;2.33;3.87;6.82;3.53;4.15;3.70;0.47;6.92;0.01;0.26;1.53;0.02;1.32;3.16;3.24;1.46;4.77;2.85;1.45
1974-12-01;1.56;2.01;0.86;0.79;0.49;0.97;1.52;1.04;4.14;3.21;1.66;3.56;0.74;1.41;2.88;1.46;1.66;1.40;0.12;3.96;0.00;0.00;4.23;0.14;1.74;3.00;0.83;1.46;2.99;1.65;1.06
1975-01-01;2.00;3.79;2.58;2.19;1.23;1.91;2.41;1.87;2.43;2.13;2.34;3.11;2.24;3.15;4.36;2.09;3.11;2.55;0.46;4.62;0.00;0.03;3.99;0.06;2.05;2.58;0.80;0.88;1.42;1.23;1.96
1975-02-01;0.40;0.68;0.72;1.25;2.23;0.80;1.05;0.68;0.87;0.59;0.42;5.39;1.18;1.91;1.44;5.26;0.73;0.62;2.05;0.99;0.00;0.12;3.32;1.62;2.25;4.11;5.93;1.11;4.60;1.46;0.99
1975-03-01;2.98;3.16;2.50;2.53;1.90;3.75;3.24;3.66;2.50;3.00;2.89;3.97;2.40;3.38;5.35;6.03;3.36;3.79;1.30;4.88;0.00;0.14;2.77;0.02;3.27;2.48;2.41;1.91;1.21;1.12;0.25
1975-04-01;2.29;1.55;1.62;2.19;0.61;1.77;1.91;2.20;2.57;2.54;2.20;3.08;2.19;1.48;3.98;3.15;2.46;2.29;0.69;4.27;0.00;0.06;2.57;0.00;4.58;2.55;4.65;1.04;5.17;1.17;0.68
1975-05-01;3.11;1.72;3.25;2.45;1.82;3.37;3.68;3.50;2.52;2.24;3.04;2.81;1.86;4.36;5.46;1.09;1.76;3.12;2.49;5.83;0.00;3.17;2.55;0.01;2.93;2.33;0.33;1.32;5.94;1.57;5.73
1975-06-01;1.45;0.76;0.56;1.13;1.09;3.16;3.71;2.89;4.30;2.60;1.59;3.44;0.93;4.23;5.37;1.41;1.96;0.82;2.90;6.85;0.01;4.63;4.30;0.00;5.06;1.71;7.61;0.97;3.96;1.54;5.22
1975-07-01;1.78;1.27;1.49;0.67;0.11;2.06;2.57;1.79;2.22;1.91;1.89;2.05;1.01;2.06;2.99;0.12;3.27;2.15;0.34;2.96;3.53;5.42;4.60;0.01;4.52;2.06;2.17;1.88;6.69;2.46;5.06
1975-08-01;1.90;2.00;0.97;1.91;1.14;2.12;4.71;4.10;3.48;2.62;2.17;4.27;1.45;3.68;4.92;2.12;2.01;1.92;3.88;4.87;4.10;3.54;1.72;0.02;2.36;1.58;0.97;0.76;5.75;2.27;5.14
1975-09-01;4.01;3.42;3.08;3.04;5.30;1.89;5.87;4.01;4.13;3.98;3.70;4.27;2.59;5.86;5.63;0.74;3.11;3.49;1.77;7.77;3.66;4.79;4.57;0.01;3.72;1.24;2.75;2.19;6.53;1.23;5.37
1975-10-01;0.89;1.43;0.87;0.96;1.18;0.72;1.48;1.38;1.06;1.18;0.88;3.23;0.81;1.02;2.39;3.39;0.65;0.81;0.29;2.20;0.35;4.82;3.21;0.02;8.35;1.77;1.92;1.02;3.77;1.07;1.96
1975-11-01;2.77;3.23;2.70;2.34;3.32;4.37;4.27;3.38;3.59;3.13;2.70;6.61;2.59;3.04;5.95;6.01;3.62;3.20;1.57;6.01;0.00;1.20;4.02;0.01;8.54;4.14;1.46;2.28;8.95;1.14;0.11
1975-12-01;0.66;1.56;0.62;0.88;2.78;0.88;2.15;1.69;1.26;1.21;0.65;6.81;0.92;2.06;2.32;2.15;0.97;0.77;2.44;1.81;0.00;0.12;2.89;0.16;2.24;4.24;1.07;0.76;2.33;2.16;0.12
1976-01-01;0.69;1.81;0.72;0.57;1.17;1.10;1.53;1.27;3.36;2.11;0.70;5.30;0.51;1.83;1.72;2.00;1.21;1.15;0.20;1.67;0.04;0.00;4.06;0.07;0.32;4.78;6.51;1.39;0.45;1.23;0.95
1976-02-01;1.57;1.37;1.81;1.89;2.75;1.55;2.33;1.95;1.30;1.88;1.56;6.11;1.69;2.62;3.57;3.91;1.18;1.33;2.34;2.84;0.02;0.00;2.61;0.02;3.80;2.33;4.24;2.36;0.45;0.69;0.90
1976-03-01;0.99;2.35;1.37;1.31;1.43;2.08;1.00;0.92;0.85;0.76;0.94;6.46;1.12;0.96;2.34;2.89;0.74;1.39;1.20;2.11;0.03;0.06;2.07;0.06;4.37;2.93;6.38;2.26;1.55;1.67;2.22
1976-04-01;1.03;0.29;0.54;1.92;3.50;2.73;1.37;2.77;1.94;1.69;1.03;3.50;1.59;2.98;3.30;3.39;0.36;0.62;2.99;2.86;0.09;0.78;1.70;0.05;2.84;2.12;1.94;1.20;6.51;2.43;3.82
1976-05-01;0.63;0.85;0.53;1.47;1.12;2.83;1.35;3.02;1.48;1.23;0.68;3.23;1.20;2.15;2.08;1.20;0.85;0.81;1.43;3.20;0.00;1.59;3.05;0.00;6.48;4.14;1.44;0.96;5.67;3.95;3.43
1976-06-01;0.30;0.15;0.21;0.52;0.55;0.40;0.19;0.24;1.29;0.73;0.31;4.83;0.39;0.80;1.44;2.84;0.27;0.35;0.62;1.20;0.01;0.72;2.08;0.05;6.10;4.10;4.44;0.78;6.23;3.48;1.32
1976-07-01;1.86;1.45;1.21;2.15;0.99;2.57;2.46;2.94;2.95;2.46;1.71;2.85;2.05;3.72;5.98;0.98;1.30;1.01;0.97;6.61;0.06;1.90;2.12;0.00;5.56;2.53;3.00;1.44;5.88;2.93;6.16
1976-08-01;0.19;0.43;0.87;2.49;1.50;2.68;4.50;4.02;1.27;0.64;0.19;6.78;2.26;5.50;4.38;1.29;0.36;0.46;2.17;3.94;3.63;1.88;4.92;0.01;6.13;2.68;1.54;4.68;3.95;1.89;4.63
1976-09-01;2.64;3.73;3.29;3.27;3.04;1.63;4.92;4.98;3.37;3.29;3.01;1.67;3.46;4.53;5.09;3.06;3.15;3.70;1.22;5.23;3.37;2.16;2.52;0.01;6.64;2.66;2.98;1.33;4.80;1.02;2.77
1976-10-01;2.04;5.78;3.34;3.00;10.20;4.66;4.42;5.63;1.99;1.96;2.30;2.55;3.33;7.40;5.06;6.83;2.23;3.09;3.14;5.31;0.50;3.35;4.95;0.05;6.02;2.29;7.72;1.98;8.46;2.36;5.76
1976-11-01;2.45;5.08;3.73;3.69;3.49;2.27;3.82;3.23;2.73;2.67;2.65;4.43;3.89;5.48;4.82;5.29;2.63;2.56;0.82;4.21;0.13;4.33;0.45;0.03;2.00;2.53;1.70;2.62;5.16;1.18;1.07
1976-12-01;2.31;2.66;2.15;3.74;2.39;2.33;2.43;2.86;2.66;2.60;2.29;2.09;3.60;3.08;5.54;6.16;1.53;1.80;1.96;6.37;0.03;0.06;1.74;0.03;1.21;2.94;0.69;1.29;4.63;2.69;1.42
1977-01-01;1.67;3.38;2.35;2.84;4.69;2.12;3.71;3.00;2.86;2.93;1.74;2.45;2.96;3.92;4.87;6.41;2.09;2.21;3.14;5.50;0.00;0.00;1.84;0.09;1.03;3.05;1.23;0.92;2.16;0.99;0.72
1977-02-01;3.28;6.07;5.26;4.90;1.33;2.11;4.69;3.10;4.65;4.96;3.09;0.39;4.98;3.04;7.02;5.41;2.56;3.01;0.43;9.12;0.00;0.04;1.72;0.02;0.94;2.44;4.16;0.34;4.09;2.68;0.58
1977-03-01;2.22;3.48;1.97;2.20;2.33;1.93;3.22;2.81;2.02;2.16;2.07;2.20;2.21;2.92;4.17;1.79;2.35;2.02;1.28;3.61;0.00;0.14;4.68;0.05;6.23;2.19;3.81;0.33;1.86;1.07;0.32
1977-04-01;2.01;2.08;1.37;1.46;0.75;2.04;2.78;2.33;2.71;2.33;1.99;3.66;1.31;2.33;5.13;1.15;1.96;2.08;1.67;6.75;0.00;0.60;3.24;0.11;4.34;1.49;1.09;0.99;2.73;1.50;1.75
1977-05-01;2.71;1.92;2.44;4.44;4.53;4.15;5.00;4.60;2.05;2.25;2.78;2.30;4.41;7.04;6.76;2.77;2.73;2.99;8.16;7.37;0.00;3.70;1.35;0.00;4.14;1.72;5.70;1.13;4.87;2.27;1.10
1977-06-01;2.68;2.27;1.97;3.23;1.30;2.78;3.62;3.76;3.58;3.03;2.52;3.13;3.10;3.72;5.46;2.13;2.88;1.73;2.93;7.25;0.00;1.87;3.70;0.00;6.00;2.40;2.34;1.07;4.32;2.22;3.05
1977-07-01;2.46;1.75;2.22;3.27;2.12;4.92;6.29;4.79;2.30;2.89;2.41;3.46;2.75;5.14;7.05;1.46;1.87;1.67;2.16;7.43;0.02;3.73;3.13;0.01;3.30;1.58;0.29;1.37;6.76;2.45;2.25
1977-08-01;1.82;1.82;2.05;2.65;3.39;1.82;4.19;3.84;3.36;3.81;1.52;2.64;2.63;3.77;4.46;2.79;1.54;1.94;1.12;4.97;2.09;1.89;2.96;0.02;11.08;1.51;0.90;1.68;4.72;1.55;3.64
1977-09-01;0.82;1.35;0.37;0.29;0.42;0.26;0.60;0.60;1.27;0.75;0.86;3.09;0.15;0.52;0.83;2.48;0.65;0.90;0.59;1.10;2.41;3.52;5.91;0.01;7.28;1.69;3.03;1.21;4.01;2.22;3.00
1977-10-01;2.02;1.77;1.90;2.33;4.05;1.19;3.42;2.71;1.96;1.80;2.01;2.58;2.30;5.16;4.42;2.86;1.66;1.09;2.06;4.99;0.00;4.80;4.26;0.01;1.86;2.16;0.61;2.53;3.22;1.34;2.39
1977-11-01;2.37;3.42;1.45;1.12;1.59;2.05;2.61;1.96;4.22;3.66;2.38;2.94;1.20;1.96;5.38;3.29;3.52;3.65;0.80;6.28;0.01;2.20;5.34;0.18;4.06;2.18;0.64;1.41;6.33;4.02;2.18
1977-12-01;1.81;3.86;2.42;2.38;3.26;1.23;2.83;2.19;2.46;2.58;2.03;5.06;2.32;2.91;3.22;3.39;2.11;1.61;1.89;3.74;0.01;0.02;4.44;0.32;1.33;2.98;1.22;1.91;2.96;1.71;0.88
1978-01-01;2.62;5.08;3.60;3.36;5.66;3.79;2.61;3.05;2.02;2.28;2.62;4.08;3.42;3.93;6.45;5.91;2.12;3.03;1.67;6.06;0.04;0.00;6.36;0.32;1.30;3.72;6.79;0.81;2.96;0.72;0.68
1978-02-01;3.30;4.88;3.59;4.14;3.59;4.83;3.76;3.20;3.41;3.85;3.23;1.62;4.02;4.06;7.81;6.51;1.31;3.90;2.93;7.89;0.00;0.60;1.89;0.01;0.94;1.71;0.60;0.61;1.80;0.98;1.08
1978-03-01;3.43;4.55;2.70;3.64;1.99;3.61;3.33;3.19;3.80;3.94;3.58;3.28;3.48;3.74;7.60;3.94;2.48;3.55;1.88;7.44;0.00;0.05;3.47;0.06;2.99;3.97;7.94;1.68;2.77;1.50;1.55
1978-04-01;2.59;2.32;2.00;2.34;2.66;4.58;2.86;3.02;2.02;2.32;2.36;2.18;2.16;4.06;4.67;5.04;2.18;2.76;3.30;3.95;0.01;1.34;1.18;0.02;4.96;4.41;2.08;1.24;4.81;0.89;1.56
1978-05-01;2.12;1.07;1.91;2.06;3.17;3.40;3.62;4.18;6.07;3.81;2.26;4.19;1.50;4.74;6.13;2.90;1.86;2.27;1.52;6.07;0.00;3.17;6.04;0.00;4.07;1.67;5.91;0.99;4.01;2.34;1.15
1978-06-01;3.03;1.78;1.30;1.92;0.84;3.22;2.40;2.07;3.06;2.73;3.47;2.11;2.78;2.31;5.21;1.11;3.14;2.82;1.21;6.71;0.17;5.65;2.31;0.01;4.63;3.11;6.54;0.82;4.03;3.45;6.45
1978-07-01;2.74;1.89;1.16;1.79;0.16;1.01;2.87;2.66;3.73;2.51;3.08;1.45;1.51;2.91;4.28;0.29;2.78;2.95;0.95;6.21;1.23;5.50;2.39;0.00;1.87;2.31;0.76;1.12;4.28;3.59;3.84
1978-08-01;0.86;0.84;1.17;0.87;0.82;0.94;3.54;1.55;3.14;2.19;0.91;2.34;0.63;2.37;5.66;0.68;1.49;2.00;1.29;5.70;3.07;3.03;5.64;0.02;0.74;2.03;2.14;1.52;5.75;2.06;3.95
1978-09-01;0.92;0.78;0.71;0.97;0.68;1.69;1.03;0.99;2.08;2.03;1.01;2.12;1.00;1.03;1.78;0.78;1.20;1.16;0.65;2.67;4.06;2.71;2.12;0.00;5.21;1.35;2.37;1.36;4.94;3.11;6.03
1978-10-01;0.61;0.35;0.18;0.24;0.80;0.92;1.12;1.37;1.52;0.73;0.51;5.44;0.16;1.08;1.45;2.81;0.54;0.69;0.62;1.33;1.13;3.81;1.56;0.04;7.33;2.22;3.43;1.53;7.70;2.11;3.19
1978-11-01;0.50;1.20;0.95;0.24;0.31;0.49;0.50;0.83;0.67;0.64;0.43;5.98;0.18;0.59;0.81;1.23;0.68;0.88;0.56;0.71;0.07;2.05;1.68;0.04;2.63;3.51;2.85;2.32;5.61;2.15;0.99
1978-12-01;4.01;7.06;5.74;4.11;2.75;1.89;2.62;3.92;3.86;4.78;4.01;2.09;4.38;4.51;4.71;6.80;3.19;3.66;2.20;7.12;0.01;1.47;4.30;0.36;1.33;3.22;2.59;1.50;4.11;0.93;0.95
1979-01-01;1.32;3.21;2.30;3.95;3.38;3.00;3.89;2.79;2.47;1.84;1.10;1.87;3.96;3.04;5.64;7.74;1.56;2.18;6.33;5.80;0.34;0.01;6.78;0.06;3.30;3.70;0.89;0.92;2.63;2.28;0.05
1979-02-01;3.53;5.26;4.09;3.34;2.62;3.55;3.88;2.97;3.47;3.47;3.39;4.30;3.02;3.13;4.59;6.19;1.94;3.84;0.96;4.92;0.00;0.78;3.27;0.11;3.46;3.10;0.53;1.59;3.96;0.77;2.22
1979-03-01;3.81;3.72;4.00;3.77;1.71;2.72;4.05;3.43;3.79;4.27;3.77;1.09;3.78;3.66;6.68;5.22;3.78;3.27;1.36;7.25;0.03;0.00;3.77;0.02;2.10;2.86;6.85;1.45;2.12;2.07;0.71
1979-04-01;2.17;2.78;2.10;3.08;1.05;4.08;2.37;3.19;2.91;3.27;2.21;1.76;2.89;2.90;3.97;4.05;2.11;2.29;2.50;4.03;0.00;1.14;3.80;0.00;5.15;2.37;1.61;0.64;7.43;0.75;2.04
1979-05-01;3.09;3.08;3.46;4.30;0.41;3.37;3.24;5.10;3.16;3.70;2.94;1.65;4.10;3.10;3.22;0.51;3.37;3.42;1.21;4.22;0.00;2.02;4.84;0.01;4.30;2.52;4.27;1.10;3.35;1.08;2.37
1979-06-01;1.92;0.91;1.25;1.60;0.34;1.86;3.73;3.99;2.70;2.79;1.97;3.83;1.30;4.07;5.25;1.39;2.09;2.11;0.55;5.78;0.26;3.44;1.53;0.02;3.25;1.60;2.35;1.18;8.54;0.91;2.37
1979-07-01;1.11;0.55;1.44;2.23;0.08;1.30;1.82;1.51;2.99;1.98;1.20;2.82;1.54;1.90;3.64;0.13;0.99;0.72;0.21;3.95;0.81;2.96;3.21;0.01;4.21;2.31;1.04;1.09;6.51;4.77;3.25
1979-08-01;1.74;2.04;0.85;1.60;0.23;2.07;3.37;4.81;2.90;4.34;1.87;2.31;1.34;4.20;5.46;1.08;2.44;2.38;1.56;6.19;1.33;3.52;4.80;0.01;6.15;1.52;0.41;0.92;4.42;2.09;3.47
1979-09-01;1.02;0.59;0.49;1.73;2.75;2.36;1.43;1.71;1.69;1.21;0.81;5.39;1.75;1.11;2.04;1.81;0.43;1.02;0.63;1.93;2.31;5.79;4.57;0.01;6.72;1.44;1.28;1.63;8.00;4.18;4.89
1979-10-01;2.95;2.34;3.21;2.17;9.80;3.76;5.97;5.65;1.81;2.13;2.82;4.40;2.67;7.79;4.91;3.48;1.87;2.83;5.34;2.73;0.41;2.83;3.41;0.01;8.74;2.52;1.11;2.17;7.31;1.06;0.29
1979-11-01;2.08;3.00;0.77;2.15;0.60;2.43;2.11;1.76;4.42;3.53;2.28;4.34;2.21;1.34;4.47;3.35;2.37;2.27;0.60;5.61;0.01;4.35;3.04;0.02;9.08;1.76;2.10;1.59;8.70;2.01;0.45
1979-12-01;3.28;5.39;3.72;3.02;2.39;2.37;3.31;4.26;3.05;4.19;3.58;2.73;2.99;3.65;7.60;5.05;3.50;3.42;0.79;8.28;0.05;0.21;1.90;0.23;1.72;3.11;0.53;1.08;2.27;2.11;1.42
1980-01-01;1.37;3.30;2.96;2.64;1.42;2.75;1.85;2.13;2.65;2.56;1.33;3.13;2.38;1.38;3.38;3.71;1.42;1.31;3.21;5.01;0.00;0.00;1.26;0.06;3.34;3.96;3.21;1.36;2.53;1.04;2.18
1980-02-01;2.08;2.32;1.60;1.09;0.13;1.88;2.32;2.97;2.60;2.61;2.21;5.31;1.00;1.48;3.89;1.52;2.18;2.52;1.46;4.99;0.52;0.00;1.01;0.30;1.02;3.41;1.09;2.04;1.96;1.14;0.78
1980-03-01;3.55;5.11;4.26;2.52;2.08;3.32;4.01;2.67;2.41;2.54;3.40;2.79;2.75;3.23;5.99;4.60;2.54;2.97;1.83;5.92;0.02;0.44;5.51;0.14;4.91;2.58;1.20;0.76;3.09;0.58;0.45
1980-04-01;0.96;0.71;0.73;0.86;1.24;2.33;2.37;2.84;2.64;1.57;0.92;6.85;0.81;3.12;3.32;1.94;1.25;0.82;2.30;2.69;0.00;2.07;6.11;0.04;5.17;1.51;1.19;1.54;5.97;1.24;2.39
1980-05-01;2.29;1.64;1.70;3.34;1.93;4.41;3.11;4.06;2.62;2.08;2.41;2.27;2.63;3.65;6.20;4.59;1.76;2.08;2.47;4.97;0.01;4.86;1.55;0.01;5.00;1.51;5.47;0.50;5.39;3.40;4.75
1980-06-01;2.81;3.01;3.25;2.62;0.80;1.93;2.60;2.55;4.68;4.28;2.87;1.12;2.48;1.89;5.32;0.89;3.08;3.48;1.82;7.67;0.01;4.51;2.73;0.00;3.57;2.16;2.43;0.61;6.02;3.43;3.72
1980-07-01;3.56;1.74;2.92;1.65;0.58;2.52;3.46;2.41;4.85;3.99;3.81;1.91;1.36;3.13;6.95;0.26;4.78;4.52;1.31;8.84;0.39;4.22;1.91;0.01;5.29;1.63;1.23;0.96;3.79;5.00;3.26
1980-08-01;2.12;1.22;0.59;1.18;1.33;4.03;3.57;3.49;3.96;3.18;2.17;4.22;0.99;3.53;4.03;0.83;1.60;1.81;2.44;4.51;3.28;2.72;1.75;0.01;5.88;2.56;0.26;3.41;6.94;4.49;6.86
1980-09-01;1.26;1.69;1.49;2.49;0.73;1.69;2.37;1.74;1.57;1.48;1.53;3.11;2.57;2.68;2.96;0.14;1.22;1.43;1.90;2.59;4.96;5.38;1.00;0.01;6.53;3.14;0.05;2.90;5.86;2.54;5.36
1980-10-01;2.12;3.19;2.29;3.74;1.39;4.08;4.22;3.54;2.63;2.88;2.14;3.84;3.82;4.15;7.09;6.89;2.61;2.70;1.23;6.69;0.27;4.38;3.14;0.01;5.55;2.37;0.71;2.04;7.84;1.54;3.96
1980-11-01;1.82;2.98;1.88;1.26;3.33;2.08;2.58;3.68;1.71;2.15;1.87;2.53;1.31;3.13;3.58;7.65;1.37;2.11;3.69;3.26;0.04;2.25;1.99;0.02;3.57;3.90;1.30;1.35;8.24;1.43;1.35
1980-12-01;2.38;2.70;1.43;1.64;0.87;2.68;2.37;2.57;2.57;2.57;2.47;4.77;1.72;1.99;4.60;3.19;2.08;2.55;1.10;4.89;0.03;1.00;0.74;0.07;2.09;2.81;1.37;0.67;6.60;1.94;0.40
1981-01-01;2.37;1.83;1.12;1.70;1.64;3.57;3.20;3.75;3.64;3.26;2.11;4.96;1.61;2.76;6.92;3.16;2.29;2.41;3.88;7.22;0.10;0.31;0.47;0.03;0.32;3.61;1.51;0.89;1.09;1.93;0.78
1981-02-01;1.55;2.09;1.96;2.05;1.42;2.00;1.37;1.41;1.78;1.95;1.54;5.13;1.72;1.65;2.43;2.12;1.05;1.84;0.92;2.80;0.00;0.00;4.26;0.06;1.75;3.17;4.43;2.95;2.56;1.07;2.18
1981-03-01;2.67;5.24;3.14;3.62;3.04;3.05;3.55;3.50;3.05;3.57;2.75;3.32;3.38;3.51;5.69;2.09;3.54;3.00;1.52;6.53;0.00;1.40;1.34;0.07;3.40;4.20;0.76;0.76;3.81;1.41;1.18
1981-04-01;2.06;1.48;1.03;1.72;2.23;2.64;1.28;1.93;1.29;1.52;1.88;4.38;1.71;2.02;2.18;2.44;1.42;2.14;3.46;1.86;0.00;0.88;2.33;0.06;4.24;2.21;3.97;0.90;6.53;1.67;5.08
1981-05-01;4.35;5.00;6.80;3.53;1.61;2.85;5.74;5.73;2.94;2.45;4.65;2.24;3.52;5.82;7.27;3.05;4.29;4.73;1.50;8.02;0.02;6.90;3.55;0.00;5.78;2.30;5.09;1.16;7.10;1.43;5.07
1981-06-01;2.98;1.20;0.92;1.49;0.96;1.71;4.22;5.45;4.14;3.91;2.95;2.45;1.58;4.64;4.73;1.10;2.94;1.56;1.42;3.94;0.01;2.78;2.34;0.01;5.14;1.15;1.29;1.72;2.87;2.18;8.17
1981-07-01;2.81;1.27;1.08;2.20;1.29;3.37;4.04;3.20;4.38;3.08;2.20;1.47;2.43;2.78;6.76;0.76;1.90;1.94;1.22;7.20;1.18;4.47;3.15;0.00;3.61;2.84;1.27;1.33;5.87;0.64;6.13
1981-08-01;1.61;1.27;1.80;1.34;0.14;1.95;2.14;3.04;3.44;2.86;1.31;4.70;1.27;1.59;2.34;0.22;1.51;0.90;0.23;2.65;3.61;4.43;1.99;0.01;5.43;2.71;0.53;2.06;1.74;3.23;4.92
1981-09-01;1.67;4.93;2.83;2.44;1.93;1.80;5.71;4.51;2.71;4.26;1.89;2.03;2.56;5.06;6.78;1.71;2.25;2.90;2.26;5.97;3.23;6.25;3.93;0.03;5.04;2.13;0.30;2.70;8.76;4.08;4.65
1981-10-01;4.89;4.25;3.25;3.45;1.42;3.00;3.98;2.95;5.46;5.15;5.15;1.24;3.78;3.37;6.70;4.17;3.83;4.06;0.90;8.29;0.00;5.13;2.96;0.02;6.63;2.74;4.89;0.37;7.49;2.50;4.56
1981-11-01;1.16;1.14;0.55;0.30;0.11;1.06;1.09;0.75;2.77;2.04;1.10;3.41;0.31;0.74;1.94;0.56;2.19;1.25;0.16;2.81;0.01;2.17;1.38;0.08;2.96;2.23;4.09;1.96;6.47;1.87;0.59
1981-12-01;4.10;6.56;4.43;7.06;4.06;6.16;5.61;5.33;5.54;5.21;4.03;2.18;6.82;6.00;11.79;7.23;2.93;4.42;1.70;13.06;0.00;0.58;3.48;0.00;0.24;3.18;2.15;0.74;4.90;3.69;0.87
1982-01-01;2.44;4.14;2.71;2.00;0.59;1.82;2.86;3.19;3.97;3.12;2.03;3.39;1.94;1.93;3.13;2.24;2.01;2.08;6.07;4.63;0.00;0.00;3.04;0.07;2.51;3.35;3.37;0.70;3.00;2.10;0.04
1982-02-01;0.82;2.71;1.31;2.14;1.35;3.66;0.69;1.18;0.65;0.58;0.74;6.35;2.27;1.36;0.88;2.24;0.50;0.95;6.27;1.40;0.00;0.00;2.53;0.26;2.33;2.98;1.05;1.04;1.62;0.46;2.13
1982-03-01;1.91;3.25;2.32;2.06;0.70;2.81;2.25;2.91;3.04;3.52;1.78;4.45;2.04;2.13;4.19;2.13;1.98;2.37;2.29;5.21;0.00;0.01;1.86;0.11;2.07;3.00;4.11;0.94;3.71;0.58;2.43
1982-04-01;0.70;1.16;0.23;0.25;1.13;0.97;0.88;0.90;1.26;0.93;0.76;4.44;0.38;1.08;1.21;3.07;1.22;0.42;0.76;1.27;0.01;0.58;3.68;0.09;4.54;3.13;1.19;1.68;6.46;2.28;2.51
1982-05-01;2.62;1.64;1.44;2.30;0.23;2.14;1.99;3.04;2.88;1.90;3.15;4.14;1.95;2.20;3.84;0.64;2.33;2.67;0.67;3.97;0.00;3.70;1.52;0.06;3.62;1.79;0.77;0.50;7.18;2.46;5.07
1982-06-01;2.58;2.96;4.19;2.53;0.47;2.78;4.15;2.62;3.26;3.13;2.40;2.96;2.22;2.88;7.05;0.45;3.77;3.30;2.16;8.88;0.00;3.89;4.04;0.00;4.40;1.08;2.45;0.64;3.46;3.49;1.71
1982-07-01;1.03;2.88;2.74;2.19;0.87;2.37;2.44;3.77;3.07;1.76;1.12;4.37;2.24;3.71;2.96;0.11;1.47;2.32;0.72;4.43;0.38;3.47;3.17;0.00;6.24;1.77;1.60;1.15;2.10;3.85;2.62
1982-08-01;1.37;1.63;1.13;1.55;0.28;3.77;5.39;3.56;3.75;2.36;1.48;2.96;1.88;2.73;6.00;0.62;2.30;1.51;1.81;10.10;3.39;2.20;2.11;0.01;4.68;1.09;0.56;1.64;2.72;3.47;1.84
1982-09-01;2.75;2.55;1.61;1.89;1.90;1.72;3.62;3.09;1.77;2.39;2.79;3.28;2.02;2.88;4.04;0.79;3.05;1.68;0.61;3.50;1.77;3.81;2.08;0.01;10.30;1.58;5.00;0.73;2.91;1.96;1.68
1982-10-01;4.17;4.50;4.77;5.17;2.98;3.62;3.71;3.14;3.88;4.05;3.89;2.40;5.04;4.08;6.51;4.60;3.77;4.10;2.49;7.11;0.28;2.04;1.58;0.01;4.64;2.84;1.48;1.12;6.13;1.99;2.42
1982-11-01;1.90;5.08;3.40;2.43;6.62;2.41;6.41;2.61;2.98;2.89;1.98;3.21;2.86;8.01;6.34;4.21;2.03;2.82;2.55;4.93;0.00;2.63;2.55;0.14;5.04;3.88;0.40;1.77;5.16;2.05;0.53
1982-12-01;3.10;5.20;3.98;3.91;1.16;3.52;3.82;3.13;5.34;4.99;2.94;4.19;5.04;2.64;6.21;7.31;2.36;3.10;0.90;8.50;0.05;0.07;1.55;0.04;0.79;4.00;0.77;1.49;10.11;2.21;0.35
1983-01-01;1.79;2.46;1.09;0.45;0.08;0.56;1.27;1.13;3.06;2.88;1.62;6.76;0.56;0.91;3.82;0.94;1.98;1.31;0.02;4.80;0.00;0.00;2.83;0.29;1.02;3.93;1.01;1.25;5.23;1.80;1.31
1983-02-01;2.09;2.82;1.73;2.29;2.36;3.79;2.92;2.70;2.25;2.16;1.85;4.86;2.31;2.77;4.32;5.11;1.38;2.21;3.68;4.68;0.03;0.02;3.89;0.12;2.31;3.73;1.36;1.57;2.13;1.88;0.32
1983-03-01;1.88;2.12;1.39;1.59;2.20;1.97;3.12;1.65;2.46;2.63;1.84;5.05;1.51;2.50;3.93;3.17;2.00;1.84;0.73;3.52;0.00;0.03;5.15;0.21;4.38;3.24;4.01;1.89;1.17;0.96;1.00
1983-04-01;4.28;3.80;5.54;3.87;1.38;2.69;6.99;5.98;5.84;6.36;3.77;2.02;4.08;6.66;8.17;3.23;3.82;3.57;1.20;8.35;0.00;0.12;7.92;0.01;4.91;1.99;3.90;1.04;2.66;3.08;0.01
1983-05-01;3.07;3.98;4.10;3.65;2.30;2.59;7.69;5.19;7.96;7.26;3.39;0.86;3.76;5.39;8.59;1.35;2.90;3.96;0.96;8.63;0.01;4.60;5.53;0.01;3.89;1.58;3.36;1.00;7.66;0.85;2.16
1983-06-01;3.11;1.06;1.89;1.74;0.77;1.58;1.95;3.12;2.27;2.22;2.82;4.30;1.73;2.82;4.14;1.35;2.44;2.12;0.74;4.88;0.01;4.06;2.16;0.01;6.43;2.12;2.27;1.40;5.78;3.47;1.82
1983-07-01;1.49;1.19;3.18;5.90;0.05;1.22;1.08;2.81;1.16;1.02;1.40;3.29;4.86;0.90;1.78;0.61;1.21;2.10;0.09;2.05;0.09;5.45;1.55;0.01;4.88;2.20;1.16;1.44;8.87;3.42;5.28
1983-08-01;1.28;0.98;2.09;4.22;2.89;3.43;3.44;3.98;1.24;1.29;1.17;3.75;3.46;4.83;5.65;1.62;0.93;1.51;1.42;6.28;1.93;9.01;3.69;0.01;4.63;1.61;1.34;1.68;4.88;1.80;4.82
1983-09-01;1.72;2.74;1.95;1.59;0.51;0.87;2.92;2.28;2.35;3.47;1.84;1.58;1.25;2.33;4.10;0.97;1.75;2.71;0.62;5.28;1.74;5.04;1.54;0.01;8.00;1.63;1.16;2.40;5.15;1.44;5.68
1983-10-01;0.80;2.62;1.10;1.25;2.36;1.68;2.04;2.45;2.27;1.80;0.91;5.37;1.03;2.73;2.40;1.33;1.21;1.52;0.92;2.54;0.03;2.72;3.90;0.01;4.51;2.17;3.11;0.71;4.24;2.92;1.67
1983-11-01;0.99;1.58;1.50;1.58;0.64;1.65;1.17;1.14;2.02;1.74;1.12;2.94;1.66;0.83;3.71;2.52;1.48;0.92;5.75;4.54;0.00;0.59;5.92;0.02;1.92;3.23;1.31;0.61;5.73;3.01;1.25
1983-12-01;1.09;2.97;1.89;2.31;3.19;1.92;2.11;1.31;1.60;1.38;1.40;4.85;2.72;2.98;4.30;6.39;1.40;1.31;0.57;3.69;0.02;1.95;5.18;0.05;0.72;2.76;2.92;0.40;9.13;1.55;0.37
1984-01-01;3.67;5.09;3.86;4.90;1.64;3.59;3.43;2.88;4.62;4.86;4.05;3.69;4.92;3.09;7.66;5.63;3.75;4.27;0.70;8.63;0.00;0.47;1.61;0.08;1.65;5.25;5.86;1.48;7.37;1.13;0.46
1984-02-01;1.67;2.42;1.32;1.67;2.08;2.78;2.13;2.21;3.28;2.91;1.73;6.76;1.46;2.25;5.05;3.17;1.89;1.56;1.08;5.70;0.00;1.33;4.98;0.01;2.55;2.80;3.48;2.74;9.43;0.29;1.17
1984-03-01;1.45;3.12;2.93;2.66;1.83;1.97;2.53;2.22;1.59;1.50;1.58;3.74;2.36;3.17;3.77;3.34;2.19;2.24;3.40;3.51;0.01;2.49;4.74;0.05;2.86;2.00;4.53;1.57;7.91;1.25;1.22
1984-04-01;0.85;0.23;0.14;0.52;0.60;1.50;0.82;0.80;1.73;1.83;0.92;4.40;0.36;0.68;2.18;1.59;1.25;0.75;1.28;2.18;0.00;1.43;5.93;0.00;2.38;4.15;3.06;1.54;7.97;0.62;0.26
1984-05-01;4.22;2.84;4.78;4.04;3.36;3.49;3.93;4.69;4.89;4.28;3.66;3.53;3.74;5.47;6.81;5.77;3.60;3.39;3.66;7.48;0.00;1.51;6.65;0.00;2.47;2.10;4.75;1.14;8.85;0.80;3.19
1984-06-01;1.64;0.81;0.88;1.87;0.96;2.11;3.10;2.92;2.54;2.49;1.48;3.24;1.76;3.00;4.64;2.36;1.44;0.93;0.69;4.10;0.04;3.16;3.24;0.00;6.85;1.89;1.74;1.07;7.54;4.20;5.74
1984-07-01;2.27;0.82;1.29;1.10;0.00;0.74;1.42;2.34;2.10;1.52;1.91;3.60;1.00;1.21;1.52;0.13;2.93;1.79;0.29;3.06;0.84;6.16;4.37;0.00;3.02;1.21;3.39;1.22;8.60;4.39;7.67
1984-08-01;1.50;1.77;1.58;2.12;1.31;3.73;3.30;4.45;2.23;1.60;1.58;4.04;2.07;4.21;3.20;1.71;1.59;1.10;1.82;4.09;0.19;0.82;1.23;0.01;0.48;1.98;0.70;1.30;6.11;1.95;5.20
1984-09-01;3.50;2.02;2.06;2.92;1.66;3.56;4.50;4.08;4.67;4.47;3.48;3.31;2.44;2.73;8.27;2.38;3.29;4.20;2.23;8.60;1.00;6.06;2.01;0.01;3.93;1.41;1.26;1.60;8.13;4.34;9.20
1984-10-01;3.04;3.08;2.80;3.17;2.45;1.85;3.64;2.10;2.08;2.71;2.91;2.75;3.76;3.93;4.01;2.92;2.80;2.09;0.40;3.73;1.01;3.43;2.52;0.01;4.31;2.23;1.13;1.80;8.73;1.85;1.66
1984-11-01;2.55;5.24;4.78;5.16;3.99;3.43;3.12;3.56;2.00;2.47;2.55;2.74;4.79;4.22;3.60;5.58;2.49;3.67;4.77;4.02;0.00;0.84;2.07;0.11;1.91;2.59;6.73;1.55;9.03;0.97;0.12
1984-12-01;1.90;3.51;2.15;1.93;2.19;2.25;1.93;2.18;1.80;1.50;1.87;5.36;2.05;2.46;2.81;2.34;1.79;2.05;0.89;2.66;0.01;0.69;1.86;0.04;2.49;2.58;1.79;2.61;6.78;1.30;0.74
1985-01-01;1.26;3.73;2.35;1.92;1.67;1.56;2.17;1.87;2.71;2.05;1.24;4.10;1.94;1.66;4.15;4.51;1.64;1.86;0.46;4.40;0.08;0.21;1.43;0.22;0.59;3.66;0.40;1.43;4.22;2.33;0.52
1985-02-01;0.69;2.42;2.04;2.56;2.01;2.11;2.29;1.97;1.63;1.18;0.68;3.60;2.40;1.36;3.50;3.51;0.62;0.73;1.54;4.66;0.00;0.04;2.02;0.15;6.39;2.97;2.15;2.05;4.80;1.05;2.00
1985-03-01;2.48;5.10;2.64;2.80;3.26;3.49;3.71;2.25;1.74;2.53;2.47;3.23;2.59;3.41;5.67;4.60;2.57;2.73;1.11;4.68;0.07;0.52;1.68;0.26;5.20;3.26;2.99;1.68;6.66;0.59;1.76
1985-04-01;2.59;2.24;2.04;3.63;0.69;2.32;2.40;2.73;2.69;2.79;2.75;2.89;3.22;2.37;3.98;0.85;2.89;2.59;1.81;5.11;0.00;1.15;1.01;0.11;6.14;2.11;6.03;0.59;5.76;1.71;5.43
1985-05-01;2.73;1.09;3.93;3.15;2.45;5.12;6.79;4.15;3.90;3.71;2.57;1.88;3.27;4.71;7.33;2.88;3.35;2.99;3.60;7.64;0.00;3.35;4.79;0.00;2.60;1.60;3.67;1.11;7.20;2.46;4.51
1985-06-01;2.62;1.81;1.93;2.45;0.49;2.44;3.44;2.74;2.71;3.13;2.34;1.83;2.71;3.35;5.70;0.17;3.03;2.81;1.11;7.35;0.03;3.76;2.51;0.00;14.61;2.13;2.65;0.59;2.08;3.65;7.48
1985-07-01;1.78;1.23;2.20;1.72;0.25;1.61;2.78;1.46;2.36;1.63;1.86;2.13;1.87;2.24;2.18;0.15;2.53;1.67;0.32;4.11;1.57;2.97;2.83;0.01;4.54;1.71;2.43;1.01;7.17;3.26;6.41
1985-08-01;1.84;2.61;1.30;0.80;0.59;1.49;2.46;1.90;2.63;2.37;2.03;1.19;0.87;1.71;5.24;0.13;1.75;1.99;0.91;5.31;2.96;2.90;2.23;0.02;2.46;2.41;1.24;0.81;6.60;1.40;3.97
1985-09-01;0.72;0.90;0.34;0.08;0.00;0.06;0.46;0.29;1.75;1.15;0.74;3.15;0.10;0.21;0.92;0.58;0.69;0.60;0.13;1.58;3.32;2.40;3.99;0.01;4.51;2.15;2.49;1.91;6.47;3.84;2.16
1985-10-01;0.51;1.21;0.57;0.64;2.47;1.37;0.41;1.20;0.67;0.85;0.57;6.52;0.60;0.69;0.30;1.59;0.74;1.01;4.91;0.30;0.20;1.52;1.45;0.00;2.22;1.82;5.40;1.21;7.93;2.01;1.37
1985-11-01;1.97;2.58;1.52;2.29;1.73;2.06;1.69;1.89;3.16;2.78;2.18;4.61;2.71;1.38;3.38;4.27;1.75;2.96;1.34;4.74;0.00;2.43;4.98;0.07;4.16;2.87;2.15;1.66;10.14;2.52;0.40
1985-12-01;1.16;4.30;2.04;2.96;2.56;1.75;2.26;1.53;2.89;2.16;1.21;1.27;2.74;2.27;2.30;1.96;1.57;1.34;0.76;2.40;0.31;0.38;1.25;1.41;1.41;4.30;2.36;0.80;7.86;1.88;1.41
1986-01-01;2.33;4.86;3.92;4.79;4.12;4.30;3.79;3.27;4.32;3.68;2.37;3.40;4.74;4.81;9.30;7.02;3.27;3.02;3.00;9.27;0.00;0.52;3.08;0.02;0.93;3.87;3.71;1.89;10.70;2.33;0.16
1986-02-01;1.46;2.22;3.52;3.18;3.20;2.04;2.25;1.61;1.38;1.39;1.19;3.87;3.37;2.41;2.77;4.87;0.35;1.36;3.86;2.70;0.04;0.39;3.26;0.32;2.09;3.94;2.68;1.75;2.59;0.98;0.80
1986-03-01;2.48;3.45;2.06;1.82;0.63;1.93;2.03;2.06;2.86;3.13;2.83;5.15;1.96;1.61;3.63;3.70;2.90;3.03;2.95;4.64;0.02;0.04;1.52;0.04;5.50;2.49;0.70;3.08;9.47;0.46;0.12
1986-04-01;3.76;2.84;2.96;4.16;3.87;3.36;6.96;5.81;5.13;3.84;3.40;3.06;4.01;7.57;8.20;3.70;2.67;2.57;2.15;7.06;0.00;0.61;3.77;0.17;3.26;2.19;3.02;1.04;6.73;2.42;5.59
1986-05-01;1.30;2.62;2.89;2.07;0.27;3.32;3.46;5.49;4.55;3.81;1.26;1.89;1.96;3.73;5.06;0.52;1.48;2.12;0.49;5.54;0.02;2.51;1.47;0.07;8.59;2.23;1.25;1.09;7.67;1.09;5.55
1986-06-01;2.28;3.70;3.27;0.69;0.39;0.52;1.89;1.81;4.03;3.01;2.19;3.50;0.84;2.11;3.06;1.95;1.83;1.06;0.29;3.80;0.00;2.54;1.50;0.00;6.09;1.81;1.05;1.15;4.99;3.78;8.80
1986-07-01;1.07;1.06;0.60;0.33;0.09;1.85;2.43;2.63;2.99;2.14;0.98;1.85;0.22;2.28;2.64;2.20;1.08;1.68;0.26;4.01;0.65;1.22;4.39;0.01;2.95;2.01;1.35;2.01;6.48;2.62;3.19
1986-08-01;2.06;2.54;1.31;1.94;0.93;1.28;3.48;4.18;5.17;3.22;1.94;2.20;1.64;2.83;4.45;0.09;1.90;2.66;0.98;6.57;1.96;2.20;4.62;0.01;5.04;1.40;6.19;1.76;4.23;3.75;3.08
1986-09-01;1.90;2.14;1.43;3.49;1.72;1.44;2.21;3.32;2.82;4.58;1.75;2.81;3.52;2.51;2.64;1.43;1.89;2.46;0.57;2.74;5.23;6.16;1.43;0.01;7.22;1.70;2.60;0.53;9.68;2.78;3.58
1986-10-01;2.43;1.75;1.76;1.30;1.12;1.31;1.67;1.85;3.08;2.96;2.21;4.68;1.31;1.93;2.64;2.23;2.88;2.32;9.44;3.42;0.06;3.18;2.25;0.02;3.68;1.12;1.49;2.33;10.05;2.02;3.12
1986-11-01;1.54;3.78;2.04;1.39;1.96;1.23;2.15;1.85;1.96;2.02;1.61;3.29;1.42;2.59;3.11;1.78;2.10;2.08;1.01;3.05;0.05;4.32;5.42;0.32;2.80;3.37;5.78;0.72;9.76;1.15;1.26
1986-12-01;2.25;4.28;1.86;2.10;1.35;3.50;3.11;2.59;3.31;2.89;2.49;3.66;1.98;2.85;5.42;3.13;2.34;2.53;0.84;5.99;0.02;0.50;4.19;0.14;2.78;4.32;1.20;0.53;8.02;1.36;0.78
1987-01-01;1.37;1.58;0.75;1.20;3.30;1.29;1.83;2.02;1.94;1.66;1.29;2.71;0.91;2.26;3.89;6.53;0.91;1.07;1.89;4.41;0.00;0.06;4.81;0.01;1.52;3.78;2.11;2.12;10.61;1.05;0.01
1987-02-01;1.85;2.61;1.33;1.41;3.14;2.08;3.62;2.26;2.84;2.54;1.70;3.69;1.40;4.77;4.25;1.85;1.42;2.02;2.05;4.07;0.00;0.00;1.47;0.08;1.72;3.76;1.50;0.75;2.17;1.10;0.23
1987-03-01;2.26;2.45;1.83;2.16;0.95;2.90;1.83;2.45;2.80;2.60;2.34;4.28;1.75;1.99;4.30;2.24;2.57;2.13;2.22;4.53;0.00;0.07;3.56;0.23;3.50;2.79;3.12;2.52;5.82;0.72;0.52
1987-04-01;1.34;2.22;1.60;1.78;1.29;2.83;2.97;3.66;2.57;1.46;1.35;5.57;1.68;4.04;4.01;1.34;1.59;1.43;0.96;3.62;0.02;0.23;3.64;0.02;1.59;2.60;1.13;0.86;7.08;1.04;3.66
1987-05-01;2.17;2.05;1.03;0.95;0.90;1.85;4.39;3.75;5.00;3.73;2.07;2.54;0.92;3.05;5.35;1.53;2.56;1.47;1.23;6.23;0.00;0.83;2.44;0.00;3.68;1.62;2.40;0.67;7.93;3.83;3.86
1987-06-01;3.68;3.10;2.67;3.53;0.74;2.20;5.91;3.97;5.71;5.50;3.65;0.54;3.51;4.04;8.08;1.29;4.02;3.11;0.92;9.51;0.01;3.28;2.72;0.00;5.25;2.18;1.33;0.38;6.47;5.24;4.04
1987-07-01;3.34;1.35;2.26;2.99;0.18;1.92;4.57;4.24;3.55;3.63;3.16;2.92;1.96;3.53;5.95;0.53;2.95;2.90;0.98;6.53;0.32;0.40;3.11;0.01;3.99;2.35;3.55;1.89;5.32;2.21;7.98
1987-08-01;1.63;0.71;1.28;0.96;1.22;1.38;4.99;1.74;3.53;2.36;1.87;1.62;0.96;2.94;4.62;0.16;2.94;2.02;1.30;3.96;2.03;3.91;3.51;0.01;3.09;1.44;6.16;0.87;7.76;2.55;3.55
1987-09-01;1.51;2.29;1.11;1.82;0.40;0.98;2.74;3.36;2.83;2.24;1.91;3.13;1.73;1.84;1.93;0.43;1.76;2.11;0.79;3.16;3.96;3.68;4.93;0.01;8.86;2.27;0.72;0.94;6.06;2.30;3.54
1987-10-01;3.96;6.46;5.25;5.70;5.30;1.98;6.32;3.68;2.49;3.42;3.91;3.25;5.90;8.01;6.03;2.75;3.15;4.02;7.68;5.37;1.09;5.20;2.57;0.03;5.15;1.37;5.96;2.03;7.43;0.05;0.21
1987-11-01;2.04;2.77;1.49;2.86;3.42;2.70;3.32;3.59;2.44;2.22;2.05;3.84;3.15;3.50;3.78;5.05;2.34;2.20;1.49;5.01;0.00;1.65;2.49;0.01;2.29;2.45;6.30;2.00;10.44;1.87;0.92
1987-12-01;1.33;2.95;2.07;1.07;1.79;0.98;2.13;2.02;1.75;1.52;1.32;4.69;1.39;2.36;2.88;3.30;0.74;1.35;2.93;2.29;0.00;1.98;2.48;0.53;2.22;3.53;2.69;0.99;10.94;1.44;0.08
1988-01-01;3.86;6.49;5.33;5.11;3.63;3.43;3.65;3.23;2.96;4.00;4.21;2.10;5.37;4.27;4.68;2.83;4.19;4.21;3.24;6.07;0.00;0.00;2.40;0.17;0.96;4.98;2.11;2.01;5.95;0.86;0.31
1988-02-01;3.10;3.34;3.91;2.83;0.34;2.29;2.71;3.36;3.55;3.69;3.09;3.57;3.16;2.33;5.76;2.62;2.54;2.89;0.30;6.98;0.43;0.37;3.36;0.18;0.79;2.75;3.59;0.59;4.57;2.20;1.10
1988-03-01;3.29;3.74;2.53;2.73;1.79;3.32;3.60;3.63;6.14;4.68;3.38;3.32;2.49;3.48;7.54;2.51;3.94;3.33;0.65;8.67;0.00;0.17;1.83;0.69;5.71;1.92;2.36;1.18;8.89;1.14;2.07
1988-04-01;1.34;2.39;3.14;3.89;2.22;4.43;2.92;2.59;1.72;1.36;1.32;1.91;3.45;3.95;4.29;1.99;1.06;1.94;4.47;4.01;0.00;3.51;2.05;0.03;3.71;2.58;11.50;1.00;8.77;1.16;2.47
1988-05-01;2.92;2.42;3.09;4.55;2.17;2.98;5.60;5.42;3.44;4.41;3.02;4.92;3.71;5.88;6.65;1.97;2.83;2.42;2.10;6.30;0.01;4.78;4.10;0.01;3.97;1.54;1.68;1.02;8.08;1.79;3.03
1988-06-01;1.01;0.85;1.82;1.90;0.57;2.80;2.96;2.46;1.53;1.48;0.97;3.78;2.06;3.79;4.02;0.72;0.66;0.79;1.28;2.98;0.01;2.06;1.13;0.00;5.70;2.28;2.74;1.67;7.32;3.63;6.44
1988-07-01;2.71;2.29;2.15;2.05;0.09;1.10;2.88;2.44;3.67;3.51;2.68;1.67;2.09;2.75;2.74;0.08;3.52;2.33;0.28;4.86;0.40;6.33;4.68;0.01;6.04;1.63;2.88;0.88;7.62;2.20;5.78
1988-08-01;0.95;1.13;0.65;0.96;0.16;1.40;2.80;2.02;1.78;1.31;1.05;2.67;0.83;2.06;4.32;0.25;0.86;1.40;0.69;4.81;6.95;6.35;2.38;0.01;6.04;1.90;1.44;0.84;11.67;2.49;3.92
1988-09-01;1.83;3.05;1.61;1.05;0.55;1.70;2.07;2.63;2.73;1.89;1.79;3.93;1.08;2.16;2.90;0.56;2.18;1.75;1.19;3.79;3.00;6.43;1.73;0.02;10.62;2.10;3.42;1.41;10.46;1.98;3.78
1988-10-01;2.43;2.59;1.49;0.92;3.97;0.64;6.26;3.07;3.71;2.93;2.28;4.72;0.86;5.28;7.00;1.69;1.83;1.48;1.36;7.26;0.01;0.98;3.08;0.02;5.07;1.99;0.14;1.30;6.88;0.93;0.40
1988-11-01;1.36;1.15;1.15;0.46;0.54;0.44;1.35;1.58;1.62;1.60;1.59;4.22;0.43;0.96;2.08;2.21;1.68;1.49;2.20;2.27;0.10;1.00;4.73;0.01;1.29;2.93;4.50;0.87;10.55;1.76;0.32
1988-12-01;1.96;1.56;0.67;0.59;1.07;1.61;2.31;2.05;4.27;3.17;1.71;5.99;0.60;2.12;4.14;2.85;1.75;1.90;0.26;4.42;0.00;0.65;0.88;0.35;0.26;3.67;3.57;0.93;1.90;2.38;0.10
1989-01-01;0.86;1.75;0.70;0.70;0.54;0.68;0.79;0.64;0.89;0.80;0.94;7.04;0.70;0.71;0.77;0.77;0.88;0.71;1.03;0.81;0.00;0.01;1.59;0.24;2.91;4.41;5.26;1.00;6.71;1.35;0.36
1989-02-01;1.87;3.23;2.11;2.79;1.05;2.11;2.53;1.73;2.87;2.17;1.86;4.71;2.44;1.93;3.34;4.95;1.96;2.18;0.96;3.93;0.03;0.00;2.88;0.11;4.99;2.97;1.66;0.96;1.78;1.33;0.54
1989-03-01;2.50;2.91;2.27;1.04;0.28;1.99;1.31;1.00;1.81;2.17;2.62;3.93;0.90;1.08;3.07;1.23;2.48;1.90;0.57;3.98;0.00;0.29;3.90;0.07;4.29;1.67;3.39;1.79;6.83;1.47;0.92
1989-04-01;3.58;2.55;2.84;5.95;2.08;4.53;6.56;5.97;5.77;5.13;3.61;2.68;5.58;6.27;7.26;6.26;3.39;3.22;2.83;7.08;0.00;0.97;4.24;0.00;4.25;2.56;7.36;1.58;6.93;1.83;3.11
1989-05-01;0.86;0.55;1.24;0.99;0.10;1.01;1.33;1.85;1.92;1.42;0.97;5.09;0.60;1.56;3.17;1.39;0.54;0.59;0.49;3.56;0.00;1.66;6.46;0.00;5.60;2.15;3.61;0.47;6.58;1.19;1.95
1989-06-01;2.40;0.96;0.98;0.50;0.09;0.55;0.82;2.09;1.91;2.28;2.36;2.11;0.73;0.91;2.27;0.55;1.26;1.79;0.31;3.20;0.10;4.40;5.60;0.00;6.52;1.82;8.18;1.02;4.81;2.43;5.46
1989-07-01;1.18;0.77;1.09;1.59;0.09;0.61;1.60;2.76;3.68;2.67;1.11;3.31;1.29;1.37;3.12;0.37;1.38;1.86;0.16;3.96;3.30;8.43;5.38;0.00;5.13;1.33;1.26;1.63;6.43;2.72;4.25
1989-08-01;1.32;0.84;0.89;2.04;0.39;1.98;1.88;2.79;2.21;1.91;1.90;3.42;1.96;1.30;2.35;0.30;1.12;0.65;0.52;3.53;13.97;2.86;6.54;0.00;4.61;1.26;1.60;1.43;5.87;4.26;7.54
1989-09-01;1.53;0.60;0.55;1.08;1.85;1.58;1.69;3.24;1.49;1.67;1.46;5.21;0.94;2.07;1.53;1.96;1.96;1.37;2.01;1.73;0.65;5.82;2.98;0.01;2.76;1.24;0.24;2.34;6.82;1.01;4.70
1989-10-01;0.85;1.88;1.16;0.61;1.03;0.99;1.82;1.18;2.36;2.06;0.85;2.45;0.56;1.75;1.99;1.58;1.68;0.84;0.64;2.42;0.87;2.93;4.85;0.04;5.60;2.85;0.46;1.83;9.97;4.42;1.78
1989-11-01;1.11;2.79;1.89;2.25;2.94;1.74;4.00;1.35;1.71;1.60;1.14;2.08;2.87;3.22;2.65;4.60;0.72;1.17;4.66;1.99;0.06;2.84;2.45;0.02;1.40;3.18;3.23;1.36;8.06;1.75;0.54
1989-12-01;2.70;5.40;5.48;1.98;0.91;0.47;1.01;1.16;2.69;3.42;2.88;3.68;2.39;1.26;2.81;2.96;3.23;2.94;1.64;3.62;0.01;0.32;0.90;0.02;1.19;4.32;1.32;1.22;8.70;2.32;0.91
1990-01-01;1.43;4.59;2.53;1.95;0.36;1.17;1.36;1.05;1.77;1.85;1.50;3.75;1.87;1.54;1.62;1.12;1.99;2.20;1.09;1.94;0.07;0.17;3.26;0.32;2.33;3.39;2.05;1.30;3.67;1.73;1.53
1990-02-01;3.25;6.61;3.01;2.59;1.75;2.98;3.20;2.54;4.12;4.30;3.69;1.86;2.67;2.56;8.74;2.05;3.01;4.16;1.30;10.20;0.00;0.00;2.42;0.25;3.65;2.04;15.13;0.91;4.14;2.35;2.05
1990-03-01;0.48;0.52;0.20;0.31;0.53;0.71;1.15;1.71;1.38;1.05;0.43;4.38;0.37;1.25;2.24;1.65;0.74;0.65;0.62;2.50;0.02;0.42;2.14;0.14;2.31;3.21;3.36;0.97;1.67;1.85;1.09
1990-04-01;2.12;1.99;1.85;2.89;2.48;3.29;3.28;3.09;2.20;2.17;1.99;4.59;2.77;2.93;4.80;4.20;2.60;2.21;1.90;4.49;0.00;0.74;4.31;0.07;4.94;2.89;9.78;2.39;5.69;1.17;3.07
1990-05-01;0.46;1.20;1.79;2.00;0.51;2.91;3.40;3.54;1.29;1.39;0.63;2.58;1.65;5.52;4.52;1.30;0.76;0.55;0.91;4.91;0.00;4.27;5.95;0.02;2.41;3.12;5.37;0.61;7.62;2.38;4.25
1990-06-01;2.52;2.20;2.21;3.42;0.71;2.43;4.00;4.72;4.09;4.26;2.37;1.77;1.98;3.21;6.52;0.36;2.11;2.24;2.00;7.72;0.02;2.12;2.74;0.00;2.49;1.89;1.42;0.93;5.90;2.23;4.96
1990-07-01;1.29;0.62;0.77;0.82;0.42;1.22;0.86;2.31;1.23;1.14;1.15;2.84;1.05;1.11;2.53;0.21;1.18;0.50;1.19;4.02;0.65;3.60;3.35;0.00;1.65;1.95;3.25;0.70;6.09;3.86;8.24
1990-08-01;0.67;0.66;0.20;1.01;0.13;1.80;3.24;2.85;1.96;2.97;0.77;4.81;0.60;2.61;2.88;1.54;0.97;0.89;1.54;2.45;1.50;9.01;5.17;0.01;3.89;2.75;4.43;0.92;5.19;3.36;5.01
1990-09-01;1.21;0.91;1.21;1.04;1.94;1.00;1.54;2.00;2.46;1.86;1.54;5.17;1.44;1.42;2.18;0.39;1.44;1.47;2.04;3.80;1.40;2.21;1.56;0.01;10.38;2.30;2.19;2.23;7.42;4.09;4.83
1990-10-01;2.75;3.63;3.34;4.71;4.95;2.61;4.01;3.47;2.43;2.74;2.39;2.66;4.59;4.14;6.37;4.53;1.95;1.97;2.70;6.20;0.94;4.47;2.37;0.01;4.53;2.16;1.26;2.01;8.18;2.12;5.31
1990-11-01;1.34;2.91;1.75;2.99;1.62;2.51;2.96;2.18;3.90;3.30;1.33;3.62;3.38;2.49;5.55;4.67;1.78;1.77;0.99;5.94;0.00;1.04;1.33;0.01;7.94;3.05;0.99;0.81;7.65;2.17;0.48
1990-12-01;1.91;2.74;2.03;1.41;1.48;1.98;3.11;2.19;3.21;3.29;2.04;4.79;1.18;2.22;4.35;4.42;2.81;2.10;0.58;3.85;0.00;0.35;4.43;0.04;0.49;2.49;1.24;3.35;6.64;0.54;0.22
1991-01-01;1.91;4.16;3.79;1.42;0.93;1.00;1.40;1.24;2.01;2.31;2.24;6.10;1.61;1.02;2.24;1.05;2.10;2.85;1.17;3.24;0.05;0.08;2.10;0.18;1.39;2.86;3.28;1.63;4.99;1.50;0.60
1991-02-01;0.82;1.92;1.27;1.78;0.57;1.41;1.72;1.93;1.14;1.21;0.80;6.63;1.81;1.45;3.10;4.16;1.14;0.93;2.05;3.18;0.00;0.13;2.16;0.09;2.46;3.72;0.68;3.83;2.14;1.33;0.89
1991-03-01;1.96;2.76;2.02;1.63;1.60;2.66;3.39;1.88;1.89;1.69;2.00;3.27;1.91;4.63;4.02;2.34;0.91;1.75;5.48;3.64;0.00;0.11;4.60;0.73;4.88;3.73;0.78;1.82;4.01;0.73;0.21
1991-04-01;1.71;1.79;1.94;2.06;1.93;2.55;2.15;2.07;1.32;1.40;1.70;2.44;1.93;2.05;3.42;2.02;2.21;1.78;1.31;3.48;0.00;2.46;2.96;0.10;2.43;2.17;0.83;1.44;6.00;1.90;1.26
1991-05-01;0.94;0.48;1.14;1.74;0.96;2.94;1.31;2.18;1.29;0.71;1.03;4.10;1.60;2.05;3.82;2.58;1.18;0.90;2.99;3.66;0.00;6.05;2.75;0.00;2.95;3.86;4.71;0.87;12.55;1.95;2.87
1991-06-01;2.48;2.84;2.13;2.16;0.47;2.14;3.58;2.32;3.14;2.83;2.23;0.59;2.10;3.27;5.91;0.96;3.62;2.56;0.54;8.47;0.06;8.34;2.03;0.00;5.60;2.48;6.22;0.37;6.66;3.06;7.80
1991-07-01;1.90;3.06;0.73;1.11;0.64;1.11;1.30;3.32;2.28;1.72;2.03;2.58;1.01;1.14;2.08;0.12;4.27;1.80;0.70;4.54;0.31;4.93;4.04;0.01;3.93;1.30;3.42;0.68;4.01;3.07;7.15
1991-08-01;0.43;0.54;0.88;1.13;0.14;2.82;0.72;2.65;0.38;0.52;0.46;5.12;1.12;1.21;1.03;0.27;0.35;0.35;1.06;0.73;1.45;3.04;5.55;0.02;6.54;1.61;0.15;2.24;4.32;2.86;3.57
1991-09-01;1.61;1.67;2.45;2.72;2.78;2.79;6.63;3.79;3.22;3.60;1.27;3.17;2.70;4.10;6.22;1.59;1.22;1.68;0.98;6.21;2.00;2.90;3.29;0.01;9.63;2.31;0.41;0.62;4.32;2.42;6.28
1991-10-01;1.21;4.31;2.53;1.67;2.71;1.47;2.97;2.30;2.29;1.81;1.18;3.69;1.66;3.14;4.31;5.68;1.18;2.01;2.72;4.67;3.69;7.19;2.19;0.01;17.81;1.38;0.69;2.33;3.48;3.39;6.09
1991-11-01;2.15;2.34;1.89;3.94;1.09;3.91;2.98;3.04;3.26;2.81;2.20;5.00;3.71;2.22;4.35;5.16;3.09;2.43;1.42;5.66;0.00;2.76;2.48;0.09;1.80;2.53;1.10;1.09;13.99;1.19;1.59
1991-12-01;1.01;0.89;0.22;0.43;0.09;0.89;1.16;0.56;2.87;2.05;1.11;7.28;0.40;0.77;4.11;0.96;1.28;0.61;3.03;4.08;0.10;0.16;3.39;0.20;1.72;5.02;4.40;2.23;27.36;1.31;1.29
1992-01-01;0.39;0.91;0.51;0.57;1.00;1.46;1.02;0.87;1.31;0.97;0.45;7.98;0.57;1.10;1.00;0.98;0.77;0.44;5.91;0.72;0.00;0.06;1.60;0.34;3.03;2.99;2.01;2.48;4.07;1.61;3.26
1992-02-01;0.94;1.54;1.18;0.57;1.22;0.71;1.70;0.99;2.01;1.63;1.05;6.62;0.53;1.26;2.68;1.08;1.31;0.77;0.86;3.36;0.60;0.01;1.70;0.38;0.63;2.67;10.64;0.92;3.83;1.50;1.15
1992-03-01;2.03;2.01;1.52;1.37;1.44;2.16;2.40;2.27;3.39;2.75;2.16;5.32;1.49;2.45;4.77;2.87;2.68;2.50;0.60;4.78;0.02;0.00;3.26;0.02;6.09;3.74;2.02;1.70;5.11;1.39;0.75
1992-04-01;1.24;2.57;1.36;2.00;0.59;3.22;3.11;2.73;2.20;1.85;1.31;2.70;1.72;2.53;3.99;2.98;1.85;2.07;1.34;4.40;0.00;0.97;2.40;0.00;5.51;1.93;3.07;0.51;6.44;1.31;2.61
1992-05-01;1.99;1.24;1.44;2.30;2.27;3.19;3.00;2.90;1.52;1.92;2.13;3.52;1.33;2.82;4.45;1.26;2.05;2.00;2.47;3.74;0.02;5.70;2.91;0.02;4.88;3.06;2.36;2.02;9.17;1.38;8.37
1992-06-01;2.25;0.91;1.87;4.52;2.83;7.57;6.41;6.50;3.06;2.14;2.51;4.63;4.74;7.83;8.14;2.62;3.27;3.20;3.26;8.75;0.00;5.16;3.23;0.00;9.07;1.94;2.29;2.28;6.42;1.86;4.88
1992-07-01;1.33;1.17;0.99;2.06;0.45;2.26;2.35;3.16;2.42;2.40;1.29;2.30;2.53;2.19;4.39;0.50;1.62;1.83;1.18;5.00;0.90;3.29;3.54;0.00;2.43;0.83;0.69;0.66;10.00;1.58;4.63
1992-08-01;3.33;3.76;2.44;5.07;0.79;1.95;3.66;2.74;2.90;2.74;3.82;2.75;4.35;2.74;3.77;0.85;4.58;2.69;0.96;4.20;1.50;4.59;5.35;0.01;1.54;0.95;1.33;1.01;6.18;1.41;6.88
1992-09-01;1.63;2.53;2.11;2.84;3.33;1.89;3.19;3.12;1.26;1.40;1.85;2.93;2.31;4.04;2.71;0.39;1.39;1.38;3.23;3.15;0.86;4.59;2.98;0.01;2.47;1.67;1.04;2.05;6.67;1.96;5.33
1992-10-01;2.08;2.34;1.76;3.36;3.16;5.83;4.66;4.83;4.02;3.29;2.03;2.16;3.03;4.17;8.04;10.31;1.60;2.28;3.52;7.67;0.03;3.86;1.51;0.01;9.87;2.39;2.07;0.64;8.88;3.90;4.65
1992-11-01;2.47;4.85;2.70;2.31;1.58;2.51;3.56;2.49;4.75;4.01;2.55;4.51;2.60;2.32;5.83;3.36;3.03;2.72;0.50;7.38;0.03;2.24;3.93;0.01;3.18;1.52;3.52;1.29;10.37;2.10;3.25
1992-12-01;1.60;4.35;2.21;2.71;0.79;2.14;1.79;1.76;1.39;1.58;1.60;5.61;2.64;2.15;3.56;4.73;1.61;1.61;3.71;3.55;0.02;0.12;3.73;0.19;1.29;3.72;3.48;1.36;9.43;0.74;0.25
1993-01-01;1.95;3.19;2.54;0.10;0.35;0.09;0.53;0.28;2.51;2.47;2.36;3.82;0.19;0.27;0.85;0.67;2.23;2.27;0.21;1.63;0.13;0.00;1.98;0.17;3.82;4.13;3.18;1.54;10.73;1.94;1.06
1993-02-01;0.71;1.33;0.30;0.26;1.20;0.74;0.47;1.02;1.20;0.79;0.70;5.75;0.28;0.77;1.01;1.38;0.89;0.56;4.25;1.05;0.00;0.08;2.83;0.16;2.84;3.67;2.12;1.93;1.15;1.40;0.53
1993-03-01;0.14;1.64;0.27;0.47;1.34;1.12;0.65;0.86;1.01;0.66;0.16;4.58;0.44;0.85;1.08;2.17;0.32;0.27;2.35;1.43;0.01;0.17;5.18;0.04;3.05;2.66;1.99;2.52;7.25;1.03;0.56
1993-04-01;3.68;3.42;3.52;3.56;4.97;4.20;3.86;3.11;1.71;1.57;3.73;2.75;3.72;4.71;7.74;3.23;2.35;3.27;4.85;5.67;0.00;1.00;3.71;0.03;1.91;1.93;1.25;1.01;5.77;0.91;1.52
1993-05-01;3.36;2.85;2.35;2.89;1.40;2.51;2.82;3.91;2.75;3.20;3.57;3.80;3.63;4.16;5.11;0.76;2.22;2.11;1.24;5.26;0.00;6.11;0.95;0.04;2.75;1.43;0.89;0.94;9.08;0.82;1.58
1993-06-01;2.69;1.94;2.24;3.29;0.31;2.14;4.25;4.24;2.90;1.88;2.85;2.86;2.76;3.27;5.62;0.70;1.46;3.86;0.24;6.83;0.00;4.47;2.13;0.00;7.39;1.08;1.80;0.90;6.44;4.67;6.45
1993-07-01;1.71;1.82;0.85;3.12;0.20;1.45;3.60;3.30;3.46;3.00;1.94;1.26;2.89;3.85;5.73;0.19;3.49;2.38;0.19;7.53;1.27;3.48;3.41;0.01;9.38;1.97;2.61;0.48;9.88;3.61;5.22
1993-08-01;0.66;1.26;0.60;1.70;0.49;1.51;2.30;2.95;1.18;0.83;0.68;2.45;1.92;2.05;2.81;0.32;0.97;0.67;0.16;3.34;5.02;3.08;2.97;0.01;9.36;1.94;1.63;1.64;3.67;2.31;3.94
1993-09-01;3.32;4.16;3.38;4.48;4.36;4.17;9.17;6.45;4.05;5.17;3.22;3.62;5.57;10.09;8.47;3.03;3.68;3.73;3.05;7.26;4.81;3.89;3.88;0.01;6.98;3.19;2.56;1.20;4.95;3.72;8.41
1993-10-01;3.62;2.95;3.53;2.80;3.93;3.95;7.06;3.92;2.96;3.37;3.61;2.64;3.18;6.25;6.34;5.32;2.02;2.43;9.18;5.04;0.42;6.74;3.04;0.02;4.51;2.73;1.86;1.12;6.95;1.53;1.01
1993-11-01;0.76;2.06;0.67;1.07;2.16;1.44;2.08;1.45;1.18;0.67;0.96;10.53;1.04;2.41;2.20;3.29;1.47;1.17;4.36;2.12;0.01;1.14;2.69;0.01;3.80;2.49;2.04;4.59;10.57;0.21;1.29
1993-12-01;3.17;4.25;2.45;4.26;0.86;3.56;2.88;3.64;5.74;6.21;4.05;2.55;4.30;2.30;7.74;4.89;5.45;4.04;0.72;9.60;0.00;2.14;3.88;0.13;2.49;3.27;1.22;1.68;6.90;2.45;0.05
1994-01-01;2.27;4.50;3.73;3.87;2.21;2.00;5.06;3.14;3.00;3.81;2.46;3.29;4.13;3.83;6.88;3.28;2.53;2.45;0.81;6.25;0.00;0.71;4.12;0.28;2.39;3.46;0.92;0.59;4.93;2.07;0.95
1994-02-01;2.66;4.50;4.16;3.52;3.72;4.52;2.19;3.87;2.86;2.80;2.50;4.86;3.20;5.06;2.85;1.84;1.50;2.46;2.82;2.79;0.00;0.84;4.21;0.02;3.15;3.64;3.07;1.79;3.29;0.62;0.24
1994-03-01;1.55;1.66;1.01;0.44;0.19;0.77;1.20;0.79;2.84;2.31;1.56;3.64;0.52;0.79;1.55;0.20;2.02;1.56;0.36;2.29;0.03;0.12;5.42;0.24;4.53;2.76;2.36;1.12;9.09;1.92;0.70
1994-04-01;2.39;2.91;2.20;3.69;1.98;4.64;3.83;5.51;3.14;2.89;2.63;1.52;3.73;4.88;7.44;4.88;2.82;3.60;1.33;6.97;0.00;3.28;2.30;0.02;1.67;2.93;2.09;0.88;6.75;0.67;3.29
1994-05-01;2.38;4.74;3.35;2.82;1.14;3.06;3.99;4.19;3.40;2.93;2.36;2.42;2.46;3.95;6.37;1.53;2.85;4.07;0.74;7.78;0.00;5.38;3.78;0.01;3.96;1.38;1.23;0.77;8.70;2.29;2.38
1994-06-01;1.82;0.87;1.18;2.46;1.19;2.73;2.87;3.12;4.33;2.70;1.62;3.46;2.16;2.22;3.46;1.05;1.68;1.47;0.31;4.14;0.00;3.52;2.93;0.00;3.72;1.80;2.30;1.33;8.50;3.38;8.79
1994-07-01;2.83;0.76;1.90;1.54;0.04;1.19;2.15;3.68;2.55;1.91;2.30;3.46;1.06;1.47;2.66;0.52;1.88;2.91;0.62;3.66;0.44;3.52;3.36;0.00;1.44;1.35;0.81;2.58;1.56;2.07;2.90
1994-08-01;2.58;2.71;2.88;1.78;0.10;1.60;1.74;2.16;3.06;3.41;2.44;1.45;1.30;2.63;2.79;0.19;2.35;2.94;0.33;3.82;2.81;2.13;6.10;0.01;4.97;1.94;0.72;1.47;3.18;2.40;7.02
1994-09-01;3.37;2.95;4.49;3.90;4.06;4.22;8.96;6.04;4.64;4.78;3.42;2.95;4.29;8.39;8.92;1.83;2.82;3.05;5.72;8.31;2.44;2.29;3.35;0.01;11.98;1.40;0.73;1.11;1.83;2.10;4.86
1994-10-01;1.82;3.07;3.06;2.29;3.55;2.00;3.25;3.61;1.50;1.46;1.84;4.34;2.82;4.58;2.98;2.74;2.16;1.85;4.05;3.75;0.55;6.13;0.92;0.13;2.97;1.79;1.14;1.42;2.76;2.11;4.10
1994-11-01;2.00;2.30;1.88;2.61;4.17;1.59;2.82;2.23;1.63;1.26;1.80;4.34;2.58;3.75;4.05;4.26;0.89;2.40;1.06;3.53;0.00;2.53;2.97;0.73;1.18;2.11;1.71;1.54;10.87;2.28;0.20
1994-12-01;1.61;4.87;4.15;2.76;0.41;1.87;2.12;1.81;3.17;3.41;1.75;3.78;2.84;1.14;2.87;2.86;2.91;2.74;0.46;4.84;0.01;0.19;2.54;0.10;1.11;2.83;1.26;1.78;6.14;1.39;0.80
1995-01-01;3.86;6.23;5.72;3.01;1.23;2.68;3.48;3.50;4.98;5.26;3.84;3.89;3.15;3.60;8.29;1.90;4.30;5.00;0.54;9.90;0.00;0.36;2.55;0.01;1.29;2.97;3.65;1.72;8.54;1.91;1.69
1995-02-01;2.97;5.35;3.49;3.00;1.45;2.82;3.58;3.29;3.17;3.24;3.07;2.45;3.40;3.06;7.92;2.46;2.94;3.29;0.52;8.33;0.00;0.01;2.38;0.37;1.39;2.58;1.89;0.80;9.54;2.01;1.93
1995-03-01;2.37;2.37;2.15;2.01;0.40;1.86;2.15;1.90;3.74;3.51;2.59;2.62;2.21;1.27;4.85;2.16;2.07;2.13;0.73;6.29;0.00;0.06;1.98;0.02;4.31;2.91;4.46;1.10;4.23;0.65;1.26
1995-04-01;2.07;1.42;1.48;1.04;4.93;2.22;4.34;2.59;3.31;3.15;2.00;2.28;1.17;3.92;4.34;3.76;1.38;1.49;0.85;3.67;0.01;0.44;1.92;0.03;2.52;2.16;0.64;0.97;6.91;1.81;0.78
1995-05-01;2.85;1.85;1.96;1.71;1.55;2.26;3.60;3.68;3.66;2.63;2.60;0.80;1.45;3.00;6.37;2.00;1.58;2.04;1.54;7.58;0.02;3.39;2.89;0.00;5.40;2.15;4.92;1.26;7.31;1.66;3.93
1995-06-01;0.95;0.57;0.78;0.65;0.10;1.50;1.82;2.70;2.85;2.07;0.96;2.28;0.62;1.89;3.16;0.41;1.77;0.85;0.42;4.32;0.04;4.00;1.94;0.00;6.24;1.93;2.52;0.55;8.79;1.96;4.89
1995-07-01;1.72;1.68;1.46;1.77;0.08;1.33;2.35;1.80;3.59;2.70;1.82;2.53;1.72;1.45;3.13;0.66;1.53;2.55;0.57;4.06;0.83;5.12;3.86;0.00;7.61;2.41;0.21;1.61;9.52;2.25;5.87
1995-08-01;1.70;2.15;0.94;1.53;0.78;2.51;2.43;2.76;2.91;2.03;1.85;4.39;1.26;2.89;3.79;2.07;0.52;0.93;1.10;3.74;6.04;4.06;1.22;0.01;0.45;1.75;0.07;0.77;11.75;1.62;10.21
1995-09-01;3.21;3.61;2.49;2.68;1.62;3.68;4.35;4.40;3.67;4.13;3.44;3.86;2.84;5.62;5.52;2.56;3.25;3.81;2.43;6.16;2.24;2.79;2.26;0.01;6.51;2.07;5.98;1.78;5.99;1.79;4.76
1995-10-01;0.55;1.73;0.84;0.73;1.65;0.76;2.23;1.71;1.48;1.81;0.46;3.07;0.89;1.79;0.98;0.28;0.75;0.68;0.71;0.79;0.02;3.86;4.98;0.01;2.63;2.26;1.27;0.39;9.48;0.96;2.55
1995-11-01;0.90;2.32;2.25;2.76;2.00;1.58;2.43;1.72;2.53;1.42;0.78;1.29;2.93;3.11;3.23;2.10;0.79;1.23;2.65;3.59;0.03;1.16;3.19;0.01;0.89;2.90;3.55;1.18;7.15;2.44;2.33
1995-12-01;1.58;2.37;2.83;3.88;3.85;3.53;2.99;2.61;2.16;2.35;1.79;5.13;3.27;3.28;5.20;5.47;2.24;2.01;6.60;5.09;0.39;0.03;1.78;0.08;0.35;3.12;2.56;3.39;9.87;1.03;1.99
1996-01-01;1.99;3.49;2.47;3.56;4.44;2.94;2.65;2.55;0.38;0.74;1.77;3.46;3.29;5.58;3.58;3.49;0.93;1.33;4.63;1.80;0.00;0.08;5.62;0.56;1.76;3.36;3.52;2.77;3.81;0.65;0.02
1996-02-01;2.11;3.31;2.64;3.00;1.79;3.43;2.88;3.41;2.16;2.04;2.24;4.77;2.88;4.00;4.82;3.38;2.20;2.85;3.95;4.99;0.02;0.02;2.09;0.05;1.85;3.16;1.38;0.98;5.00;1.39;0.35
1996-03-01;0.80;1.71;1.46;0.81;1.86;1.63;1.82;1.40;1.22;1.04;0.79;3.66;0.58;2.32;2.02;4.23;1.19;1.34;2.43;2.13;0.11;0.00;2.77;0.18;2.93;3.06;1.21;2.79;3.73;0.78;0.31
1996-04-01;0.45;1.66;1.17;2.02;3.24;2.53;2.49;2.46;1.16;0.64;0.50;2.95;1.59;3.31;3.26;2.95;0.49;1.14;1.38;2.97;0.00;3.52;4.56;0.02;2.87;3.00;1.54;0.97;6.88;0.90;1.45
1996-05-01;2.53;3.03;2.78;2.91;0.84;2.31;3.10;3.37;3.56;3.00;2.66;3.55;2.74;2.70;5.55;2.07;2.57;2.23;1.20;4.71;0.00;1.92;2.24;0.00;3.65;2.68;2.38;0.24;6.62;1.37;1.29
1996-06-01;0.62;0.44;0.34;1.43;0.76;2.03;3.73;2.48;2.65;1.58;0.57;3.39;1.45;3.56;4.85;1.78;0.88;0.56;0.36;4.97;0.02;8.38;4.75;0.00;4.19;2.44;2.74;0.87;8.13;3.63;6.60
1996-07-01;1.01;0.70;0.80;1.52;0.28;1.92;2.89;2.98;3.02;1.99;0.92;2.92;1.48;2.34;5.40;0.88;0.85;0.59;0.70;5.79;0.49;4.41;5.32;0.01;8.04;2.03;1.48;1.43;6.47;3.00;3.38
1996-08-01;2.03;2.11;1.15;2.51;0.76;3.61;2.61;3.02;3.40;3.57;2.21;4.50;1.89;2.15;4.82;0.17;4.71;1.79;2.74;7.28;3.59;4.97;2.57;0.01;1.69;1.74;2.92;2.59;8.08;0.97;6.44
1996-09-01;1.39;1.28;1.62;2.52;3.97;1.47;1.67;1.85;1.63;0.86;1.23;4.61;2.30;1.92;2.54;3.76;1.36;1.46;1.83;2.33;2.60;8.70;4.08;0.00;10.72;1.19;1.07;2.15;8.05;3.14;6.58
1996-10-01;1.32;1.66;0.88;1.42;2.37;2.25;2.25;2.33;2.61;2.04;1.32;3.93;1.42;2.42;3.74;3.44;1.61;1.56;2.20;4.05;0.33;3.39;4.28;0.01;2.36;1.92;1.46;1.75;9.49;1.08;4.39
1996-11-01;3.11;3.64;3.58;4.25;5.21;5.16;7.60;5.23;5.17;5.89;3.04;2.26;4.05;8.97;12.55;6.33;3.36;3.13;2.08;10.10;0.00;0.90;1.51;0.16;4.02;3.32;2.61;2.84;7.69;1.88;0.40
1996-12-01;1.52;1.89;2.06;2.23;4.03;2.75;2.80;1.86;2.70;2.22;1.54;1.96;2.08;2.91;3.33;7.16;0.93;1.78;7.36;3.44;0.00;4.00;5.72;0.01;1.45;3.35;1.78;0.67;6.38;0.79;1.20
1997-01-01;0.39;1.09;0.95;2.32;3.48;2.31;2.73;2.27;0.81;1.05;0.31;3.63;2.00;3.35;2.90;2.95;0.21;0.52;3.50;2.34;0.02;0.40;2.07;0.14;1.29;3.97;4.54;1.77;0.51;1.36;0.56
1997-02-01;2.78;4.04;2.87;1.37;0.13;1.22;1.45;1.26;3.30;3.65;2.91;5.09;1.51;0.73;3.82;1.47;2.59;2.78;0.42;4.89;0.00;0.07;1.93;0.10;1.15;3.01;5.40;0.86;2.71;0.94;0.19
1997-03-01;0.41;0.60;0.26;0.17;0.00;0.69;0.47;0.48;1.71;1.43;0.48;5.83;0.19;0.35;1.50;0.61;0.83;0.44;0.00;1.78;0.00;0.98;5.00;0.11;2.57;1.94;1.57;0.97;4.03;1.41;2.42
1997-04-01;0.51;0.48;0.27;0.59;0.76;0.95;0.92;0.61;1.75;0.97;0.48;3.46;0.45;0.59;2.09;1.70;0.62;0.38;0.93;3.01;0.00;1.59;2.48;0.02;3.82;2.99;1.26;0.92;8.37;1.19;4.91
1997-05-01;3.28;2.11;2.97;3.53;0.43;2.34;2.37;3.19;2.63;3.57;3.00;2.04;3.49;2.40;3.90;1.00;2.88;2.66;0.94;5.24;0.03;1.67;3.08;0.00;5.33;0.97;5.56;0.72;4.46;1.59;5.22
1997-06-01;4.09;3.62;3.28;4.20;1.82;3.09;4.26;4.19;5.58;4.51;4.24;1.54;3.50;3.98;5.81;2.22;4.78;5.51;1.93;8.33;0.13;4.23;1.64;0.00;4.93;1.58;2.17;0.18;4.58;3.33;4.10
1997-07-01;1.27;0.82;0.54;2.50;0.27;1.14;2.96;2.66;3.12;1.91;1.15;3.40;1.95;2.80;5.07;0.30;1.43;1.05;0.74;6.28;0.09;4.45;3.37;0.00;5.31;2.16;3.47;1.70;3.31;1.17;4.29
1997-08-01;2.10;2.30;2.95;3.33;0.88;5.62;2.01;2.42;1.41;2.10;2.01;4.77;3.82;3.05;3.21;1.06;1.89;4.33;1.73;4.04;4.74;3.19;3.55;0.01;1.16;2.54;1.02;2.63;4.93;1.76;2.63
1997-09-01;0.46;0.54;0.23;1.05;0.18;1.66;1.55;2.10;1.34;1.03;0.46;4.47;0.93;1.77;1.93;0.43;0.31;0.47;0.77;2.69;2.31;3.22;1.68;0.06;4.02;1.44;2.84;1.04;2.16;1.91;3.68
1997-10-01;1.39;3.34;1.58;0.69;2.14;1.43;1.87;1.87;2.11;1.61;1.59;4.06;0.93;2.52;3.37;2.17;2.78;2.41;1.41;3.56;0.13;2.89;1.81;0.03;1.50;2.04;1.29;0.88;3.66;4.24;3.72
1997-11-01;3.02;5.24;3.63;3.99;3.71;2.65;3.85;2.82;2.61;3.57;3.08;3.25;4.38;3.59;4.46;7.27;2.95;1.94;3.92;3.28;0.00;2.64;3.70;0.01;3.83;3.21;0.67;1.89;7.85;1.87;1.42
1997-12-01;3.62;4.32;2.87;3.63;2.24;2.56;2.60;2.41;3.90;4.12;3.66;4.92;3.47;4.51;5.56;4.24;2.03;2.50;1.45;5.38;0.00;0.80;2.56;0.07;1.53;5.28;1.03;2.38;11.20;1.30;0.84
1998-01-01;1.98;3.54;3.06;2.51;1.29;1.35;2.37;2.84;2.44;2.55;2.11;2.79;2.78;2.94;4.64;2.68;2.40;2.40;1.09;4.92;0.00;0.02;3.11;0.03;4.52;4.76;2.66;1.53;6.68;1.39;0.36
1998-02-01;0.39;0.64;0.38;0.69;0.38;0.71;0.83;0.62;1.09;0.70;0.40;4.39;0.55;0.57;1.24;1.65;0.45;0.61;1.18;1.03;0.00;0.07;4.10;0.21;4.78;1.64;1.32;0.63;3.53;1.39;0.05
1998-03-01;1.28;2.18;1.07;1.42;0.25;1.63;1.33;1.66;2.10;1.63;1.28;3.47;1.46;1.34;2.28;1.23;2.16;1.89;0.19;2.51;0.01;0.08;4.18;0.10;3.23;1.50;1.32;1.35;5.78;1.79;0.04
1998-04-01;4.59;5.58;5.65;4.94;3.58;3.65;5.34;6.82;4.13;5.19;4.43;1.51;5.81;6.42;7.09;5.68;4.06;4.64;1.98;6.58;0.00;1.45;4.25;0.01;5.80;1.04;5.06;0.31;5.76;1.92;0.11
1998-05-01;0.71;1.81;1.41;1.21;1.87;1.53;2.91;1.74;2.06;2.39;0.75;3.60;0.90;4.36;2.31;1.21;0.98;1.05;1.00;2.84;0.00;2.18;5.61;0.11;6.23;0.73;6.34;0.87;8.29;3.50;0.32
1998-06-01;1.72;1.99;1.17;1.60;0.20;1.65;2.63;2.49;3.20;2.69;2.00;1.71;1.53;2.90;4.49;0.69;4.25;2.70;0.28;6.98;0.00;2.77;3.30;0.00;6.92;1.24;4.55;0.46;7.17;1.91;0.98
1998-07-01;1.78;1.64;1.88;1.16;0.15;1.46;3.06;2.74;1.50;1.40;1.61;2.19;0.93;2.30;4.41;0.03;1.72;1.26;0.58;5.24;1.32;6.01;1.39;0.00;6.32;2.93;2.76;0.26;7.76;4.88;3.30
1998-08-01;0.77;0.44;0.17;0.21;0.71;1.11;1.36;1.46;1.79;1.08;0.76;5.11;0.30;1.40;3.12;0.36;1.37;0.71;0.86;2.92;3.78;5.28;1.53;0.02;5.72;3.15;9.01;1.00;13.31;4.43;4.44
1998-09-01;3.04;3.78;3.54;3.51;3.62;2.73;5.29;3.93;4.06;4.07;2.90;2.15;4.18;4.75;6.79;3.55;3.60;3.18;1.19;7.21;3.29;5.89;2.18;0.00;5.88;1.57;1.59;0.62;6.86;1.82;11.87
1998-10-01;4.01;3.58;2.46;2.50;1.55;3.37;2.39;2.16;5.45;6.27;4.08;3.43;2.72;1.92;4.57;2.69;3.59;3.67;1.14;5.26;0.02;4.74;1.68;0.00;4.47;3.01;1.89;1.30;7.33;2.07;6.13
1998-11-01;1.36;2.30;1.13;1.89;0.76;3.57;2.73;2.34;2.82;2.40;1.38;5.78;2.12;1.75;4.45;3.30;2.52;1.47;0.61;5.32;0.00;1.64;1.05;0.04;0.52;4.00;3.41;2.18;5.56;1.60;0.94
1998-12-01;1.93;3.80;3.14;1.46;2.05;1.24;1.33;1.24;1.95;1.78;2.18;3.91;1.62;2.28;1.50;2.16;2.03;2.69;1.98;1.53;0.03;0.43;0.83;0.05;2.34;2.87;2.09;2.59;9.18;1.39;0.05
1999-01-01;2.15;4.13;2.49;1.21;3.11;2.35;3.38;2.97;2.88;2.84;2.27;3.64;1.40;3.41;5.66;2.35;3.05;2.66;1.85;4.96;0.05;0.03;5.14;0.02;0.66;2.59;4.13;1.29;4.97;1.82;0.15
1999-02-01;1.87;2.37;1.99;1.60;0.11;1.80;3.63;3.48;4.20;3.37;1.71;5.04;1.68;2.41;7.21;2.90;1.96;1.85;0.25;9.14;0.00;0.28;2.19;0.28;1.91;5.14;2.62;0.99;2.51;1.91;0.58
1999-03-01;1.91;2.43;1.44;1.73;2.32;1.57;2.51;1.56;4.35;3.64;1.99;1.92;1.58;2.07;3.97;4.22;2.07;1.68;0.73;3.71;0.00;0.04;3.91;0.02;4.66;2.48;2.34;0.62;5.30;1.40;0.74
1999-04-01;2.92;4.87;4.17;2.57;1.52;3.10;3.33;2.80;2.48;2.71;2.74;2.16;2.75;2.97;6.38;2.89;2.40;3.49;2.25;5.95;0.00;0.91;1.92;0.00;6.44;2.74;5.98;1.04;6.00;1.36;0.81
1999-05-01;1.88;1.79;2.69;2.55;1.70;3.79;3.15;4.18;3.18;2.38;1.78;4.45;2.58;5.24;4.63;1.25;2.49;1.31;3.96;6.57;0.01;5.69;2.76;0.00;3.87;2.17;0.88;0.63;7.80;1.76;0.76
1999-06-01;2.32;2.14;2.01;1.69;0.13;1.02;2.17;1.56;3.20;2.06;2.11;3.73;1.71;2.31;4.88;0.36;1.95;2.37;0.77;5.36;0.01;1.44;1.10;0.00;7.25;1.17;2.70;1.45;7.38;0.27;1.81
1999-07-01;1.50;0.48;0.92;2.89;0.20;2.91;2.06;3.43;3.75;2.47;1.56;2.77;1.78;1.87;3.59;0.89;1.19;0.83;0.28;3.99;1.37;3.40;1.27;0.00;4.47;1.46;3.80;1.04;6.60;4.15;4.54
1999-08-01;1.92;2.58;3.03;2.32;0.39;2.88;2.06;2.80;2.71;2.88;2.10;2.72;1.80;3.08;4.08;0.27;3.09;4.24;1.11;5.89;3.62;2.31;2.96;0.01;4.00;1.94;2.60;1.82;6.42;3.07;5.81
1999-09-01;4.26;3.64;4.66;4.99;3.20;2.09;4.33;3.22;3.15;3.32;4.17;4.28;5.22;4.68;4.10;3.32;3.17;3.39;4.03;5.22;1.17;4.38;8.12;0.00;1.62;1.88;1.16;3.49;5.89;1.87;3.86
1999-10-01;1.50;2.70;2.73;2.82;5.68;1.20;6.43;2.48;2.57;2.52;1.47;5.48;2.47;5.91;4.88;4.06;1.77;1.75;1.63;3.89;2.49;5.43;2.13;0.01;3.85;3.38;4.88;1.50;10.08;1.36;3.40
1999-11-01;1.51;1.72;1.36;2.04;3.55;3.59;2.75;3.00;2.33;2.21;1.32;3.78;2.12;3.22;4.26;4.19;1.00;1.53;4.51;3.59;0.00;1.00;1.78;0.01;2.37;2.74;1.87;1.92;8.20;1.05;0.47
1999-12-01;5.02;6.70;4.90;3.77;0.58;3.36;2.93;3.60;6.18;6.61;4.97;3.68;3.87;2.21;6.49;3.38;4.13;5.69;0.85;8.56;0.02;0.19;2.30;0.01;0.65;4.00;1.26;0.58;5.64;1.69;0.22
2000-01-01;0.71;1.25;0.59;0.49;0.41;0.46;0.99;1.20;2.08;1.50;0.75;4.12;0.51;1.02;1.35;2.11;1.28;0.64;1.59;1.71;0.04;0.14;3.02;0.20;2.98;4.16;2.82;2.69;7.85;1.00;0.06
2000-02-01;2.18;3.05;2.14;1.78;0.38;2.72;2.69;2.12;3.97;3.55;2.23;4.59;2.09;1.57;5.06;1.28;2.22;2.21;0.58;5.64;0.00;1.76;2.14;0.03;0.59;2.45;0.77;0.67;3.50;1.64;0.29
2000-03-01;1.68;1.59;1.10;1.86;1.73;2.39;1.65;1.94;2.63;2.47;1.61;7.81;1.59;1.67;3.57;2.27;1.33;1.77;0.74;3.50;0.00;0.04;2.45;0.05;2.97;3.13;5.86;1.23;4.75;1.57;0.36
2000-04-01;3.90;5.79;3.38;3.96;2.22;3.68;3.66;4.00;1.91;2.04;3.88;1.93;3.82;4.31;6.02;3.28;3.01;4.13;2.49;4.33;0.01;2.35;3.25;0.00;4.23;2.15;3.96;0.72;6.25;1.88;1.59
2000-05-01;2.81;3.69;2.02;2.13;0.76;1.86;2.33;3.19;3.27;2.94;3.01;3.64;1.95;3.07;2.68;0.44;3.93;3.45;1.39;3.71;0.00;3.48;2.57;0.00;4.24;1.75;2.08;1.18;4.56;0.62;2.80
2000-06-01;1.42;1.01;1.08;1.59;0.98;4.10;1.58;2.22;0.99;0.94;1.23;3.01;1.58;3.75;2.70;1.26;1.25;0.81;3.21;2.55;0.00;4.95;3.06;0.00;8.12;1.87;1.57;0.76;7.68;3.15;7.47
2000-07-01;5.01;1.77;1.71;2.55;0.39;2.29;3.47;2.75;5.25;4.96;4.88;2.11;1.97;2.10;6.00;0.98;3.71;4.20;0.48;7.61;1.24;2.64;4.86;0.01;6.29;2.11;0.79;1.69;6.89;3.80;3.40
2000-08-01;1.00;1.80;1.34;2.30;0.10;3.17;3.80;3.62;2.74;1.22;1.14;2.81;2.37;3.64;4.71;0.16;1.43;1.57;0.83;4.57;3.10;7.88;3.17;0.02;1.62;1.35;0.79;0.82;6.15;2.74;5.20
2000-09-01;1.42;2.64;2.17;1.14;3.06;1.79;3.85;4.14;3.82;2.69;1.38;3.74;1.29;4.32;3.02;1.14;2.21;2.46;0.60;3.50;1.61;4.75;3.39;0.01;5.42;1.31;1.02;2.55;9.81;1.71;2.95
2000-10-01;3.83;4.94;3.57;3.52;3.71;3.61;3.78;2.55;3.14;2.70;4.10;3.08;4.21;3.88;6.00;5.00;3.72;3.81;2.09;6.33;1.93;4.96;0.54;0.03;4.33;1.74;1.87;3.22;6.55;1.09;1.61
2000-11-01;3.07;5.09;5.13;7.68;4.20;3.45;4.75;3.74;2.96;4.20;3.31;0.97;7.09;3.66;8.09;11.07;3.59;4.35;2.00;6.90;0.00;0.51;2.10;0.08;3.01;3.36;5.22;1.30;7.18;1.95;0.85
2000-12-01;2.45;5.64;4.14;3.19;3.51;1.59;2.55;1.13;2.12;2.56;2.76;1.43;3.25;3.69;3.41;5.53;2.52;2.89;3.34;3.20;0.00;0.19;2.72;0.23;0.59;4.75;1.06;1.16;5.45;2.46;0.59
2001-01-01;2.83;6.34;5.52;3.80;3.01;3.33;3.28;2.32;2.23;2.92;3.23;3.73;3.84;3.82;5.36;3.96;3.41;3.87;3.53;5.13;0.00;0.09;2.32;0.10;4.73;4.77;2.43;1.74;6.84;1.09;0.22
2001-02-01;1.55;3.49;1.95;1.23;1.53;0.81;1.69;1.50;2.62;1.94;1.77;4.20;1.33;2.26;2.00;1.52;2.33;2.37;0.56;2.38;0.00;0.02;2.14;0.02;1.93;4.00;2.30;1.06;2.87;2.74;1.24
2001-03-01;4.53;5.72;4.56;4.86;1.96;3.36;5.42;3.66;6.30;5.84;4.71;1.23;5.16;3.55;8.62;3.43;3.85;5.22;1.63;11.28;0.00;0.31;4.40;0.06;3.30;2.33;3.28;0.51;6.09;1.60;0.64
2001-04-01;3.02;3.59;2.76;3.34;0.62;3.50;3.61;4.46;3.56;4.25;3.09;2.81;2.84;3.23;6.03;2.08;3.95;3.34;0.66;6.78;0.00;2.46;1.39;0.02;1.51;3.37;3.25;0.97;9.62;1.09;2.71
2001-05-01;1.31;1.42;1.57;1.32;2.04;1.62;3.37;4.52;1.72;1.26;1.35;4.28;1.14;4.71;5.26;1.87;1.83;1.61;0.48;4.76;0.00;0.73;1.41;0.02;4.37;1.65;5.71;0.83;6.82;3.74;2.54
2001-06-01;1.67;1.05;0.88;0.70;0.22;2.09;3.10;2.76;3.11;1.97;1.36;1.99;1.16;2.24;5.65;0.20;1.43;0.91;0.64;6.98;0.01;2.57;4.63;0.00;4.86;1.39;0.38;0.98;5.75;3.04;4.45
2001-07-01;3.22;2.12;2.87;2.35;0.40;2.91;3.05;3.27;2.82;2.24;2.90;4.66;2.22;3.44;4.19;0.89;3.67;2.07;1.41;5.46;1.36;3.33;1.87;0.01;1.12;2.05;4.39;1.54;6.24;2.15;6.00
2001-08-01;2.15;2.31;2.35;2.10;0.06;1.87;2.95;3.24;2.17;1.98;2.20;3.07;1.59;2.66;4.16;0.18;2.74;2.98;0.15;4.42;5.75;3.34;3.04;0.01;3.45;1.37;1.59;1.09;7.13;2.01;4.65
2001-09-01;3.35;1.83;1.09;2.60;1.60;0.99;3.11;3.39;4.80;4.42;3.00;3.46;1.96;3.27;6.46;3.16;3.52;3.87;1.70;5.62;3.21;5.08;2.84;0.01;6.65;1.47;1.32;3.47;8.25;1.47;6.04
2001-10-01;3.41;3.11;3.83;1.49;1.71;1.03;3.43;3.18;2.75;2.04;3.54;3.19;1.83;4.99;2.86;0.83;1.79;1.96;1.01;3.27;0.48;6.60;1.15;0.01;7.49;1.48;1.62;1.33;8.58;1.87;3.09
2001-11-01;2.11;1.04;0.65;1.09;1.34;1.29;1.66;2.26;3.62;2.94;2.05;6.16;1.11;1.73;2.55;3.72;2.12;1.94;4.31;2.99;0.06;2.02;0.90;0.01;2.87;3.36;1.99;1.64;6.98;2.36;0.66
2001-12-01;1.82;1.77;1.28;0.93;0.32;0.69;0.80;0.80;2.90;3.30;1.62;3.53;0.95;0.60;1.92;2.26;1.58;1.67;0.22;2.73;0.00;0.36;1.51;0.11;1.24;2.31;1.14;1.63;11.94;1.62;0.53
2002-01-01;0.98;3.21;1.38;0.83;0.83;1.36;1.09;0.88;1.19;1.36;1.05;4.75;0.82;1.19;1.70;1.38;1.87;1.34;0.70;1.75;1.84;0.20;1.85;0.31;3.06;3.00;1.66;1.61;4.86;1.37;0.57
2002-02-01;3.13;4.54;2.25;1.80;2.09;2.88;2.72;1.91;4.81;5.05;3.06;2.83;1.90;2.32;5.18;3.21;3.47;2.87;0.69;6.12;0.00;0.21;0.70;0.29;1.77;2.19;5.89;1.34;1.77;1.85;0.76
2002-03-01;2.38;2.33;2.64;1.09;1.64;1.05;1.23;0.64;2.88;2.71;2.19;3.73;1.01;1.56;2.23;0.99;1.91;1.89;2.02;2.37;0.02;0.12;3.14;0.02;3.56;1.92;2.99;0.72;2.57;1.16;0.74
2002-04-01;0.60;1.66;1.36;1.64;1.12;2.86;1.02;1.22;1.50;1.26;0.67;4.10;1.65;1.23;2.02;2.52;1.01;0.80;4.50;2.36;0.02;0.33;2.98;0.05;2.08;2.53;2.02;2.16;5.63;0.72;1.80
2002-05-01;2.33;3.53;2.99;3.30;2.53;4.15;4.47;3.21;4.65;3.03;2.11;2.47;2.45;4.30;6.13;1.87;2.43;2.05;3.56;7.12;0.00;3.30;3.68;0.00;2.77;1.63;2.84;0.50;6.26;0.77;1.24
2002-06-01;2.55;1.84;1.43;2.35;1.79;3.81;3.10;3.77;3.14;2.03;2.31;1.93;2.12;2.92;4.55;1.48;2.94;2.25;1.40;5.56;0.03;2.71;3.30;0.02;5.27;1.84;1.18;0.62;6.29;2.11;4.48
2002-07-01;2.29;1.99;1.30;1.67;1.25;2.62;3.63;4.42;3.40;2.30;2.33;2.65;1.30;2.61;3.97;0.33;1.96;1.79;0.95;5.85;0.04;1.99;0.93;0.00;4.17;1.23;0.61;0.47;8.24;0.87;6.24
2002-08-01;3.53;0.91;2.54;3.21;1.22;2.03;3.60;4.85;2.59;1.72;3.21;4.42;2.23;4.75;6.53;1.85;2.45;3.08;3.17;6.02;3.32;3.04;2.41;0.00;3.60;1.40;1.46;1.84;4.01;0.54;3.02
2002-09-01;0.82;0.75;1.03;1.66;2.94;1.61;2.33;2.25;2.38;1.73;0.84;5.50;1.59;3.86;2.98;1.93;1.70;2.68;1.20;3.40;2.05;3.13;2.93;0.00;9.44;1.76;0.79;0.87;5.05;2.49;7.60
2002-10-01;2.70;3.67;3.46;2.37;2.62;3.21;2.52;2.02;4.24;3.33;2.52;2.68;2.49;3.11;3.69;4.04;1.84;2.51;1.42;4.79;1.72;6.32;4.29;0.03;5.25;2.58;0.35;1.32;3.90;3.36;1.71
2002-11-01;3.96;6.78;4.01;3.48;5.70;3.14;8.36;3.58;4.96;4.83;4.09;3.35;3.46;6.32;10.14;5.31;3.23;3.12;1.08;9.12;0.00;0.86;4.03;0.03;1.73;2.41;1.02;2.02;9.23;1.26;3.09
2002-12-01;2.87;4.95;4.06;2.40;1.09;2.79;3.03;2.62;2.81;2.94;3.21;4.56;2.48;3.43;3.48;3.81;3.83;3.24;0.89;4.34;0.05;0.22;3.36;0.06;3.16;2.98;1.93;1.87;8.61;0.81;0.43
2003-01-01;1.92;3.31;2.29;2.57;1.98;2.83;2.25;2.40;3.51;3.35;2.09;3.25;2.75;2.20;4.38;3.24;2.38;2.04;1.68;4.96;0.00;0.01;2.12;0.02;3.40;4.70;0.60;0.37;8.64;1.25;0.90
2003-02-01;0.99;2.49;2.05;2.30;2.31;2.09;1.14;1.62;1.00;0.90;1.06;7.78;2.14;1.63;2.46;2.57;0.84;1.54;4.44;2.55;0.02;0.05;3.96;0.03;1.75;2.66;3.26;1.50;3.69;0.52;0.21
2003-03-01;0.65;1.73;1.21;1.35;0.20;1.61;0.88;0.92;1.00;1.15;0.72;5.17;1.37;0.79;1.37;0.80;0.84;1.14;0.78;1.92;0.00;1.13;2.97;0.08;5.45;3.90;3.35;1.67;4.52;1.02;1.06
2003-04-01;1.49;1.60;0.91;1.69;2.46;1.77;1.69;1.82;1.47;1.68;1.52;4.12;1.23;2.59;3.47;1.88;1.83;1.22;1.10;3.51;0.00;0.45;2.26;0.02;4.99;2.08;4.59;1.68;6.84;1.58;1.78
2003-05-01;2.80;2.18;1.81;1.85;0.65;1.80;1.65;2.08;3.64;2.46;2.65;1.95;1.83;1.77;3.18;0.52;2.36;1.96;1.75;3.66;0.00;0.23;3.56;0.00;4.99;2.59;7.28;0.83;4.82;1.78;1.45
2003-06-01;1.62;1.53;2.44;2.84;0.06;1.82;1.87;2.58;1.65;1.37;1.77;3.81;2.47;0.86;1.75;0.11;1.71;2.76;0.10;2.22;0.13;2.48;6.12;0.00;3.05;1.94;1.43;0.61;3.87;3.14;6.46
2003-07-01;1.65;2.01;2.46;1.82;0.07;0.99;2.46;1.83;2.60;2.15;1.60;5.16;1.92;1.88;2.54;0.03;2.00;1.98;0.55;3.93;0.89;4.10;2.25;0.00;4.25;2.44;1.75;1.65;6.58;2.27;4.60
2003-08-01;0.70;0.43;0.73;1.57;0.14;1.27;1.47;3.73;0.72;1.17;0.87;3.77;0.93;1.96;2.60;0.08;1.21;1.12;0.19;3.01;2.15;3.81;5.67;0.01;10.40;1.23;2.19;0.72;6.17;4.32;4.41
2003-09-01;0.53;0.93;1.38;1.32;2.40;2.81;2.99;2.15;1.18;1.56;0.57;5.20;1.25;2.46;2.89;1.54;0.92;0.94;2.88;2.61;4.14;1.14;5.46;0.01;6.05;2.08;0.42;1.57;5.44;2.41;7.06
2003-10-01;2.45;3.53;3.66;4.31;3.06;2.60;4.46;3.43;3.27;3.48;2.41;2.17;3.87;4.38;7.74;5.51;1.42;2.94;3.97;7.41;1.77;6.16;3.97;0.00;4.53;2.35;2.39;1.53;8.79;1.67;4.39
2003-11-01;1.91;4.04;3.15;2.90;2.75;1.61;2.80;2.53;1.95;1.93;1.81;2.73;2.92;3.65;3.77;5.18;1.88;2.44;1.65;3.03;0.00;1.07;3.11;0.03;8.12;3.05;3.66;1.40;7.75;1.52;0.55
2003-12-01;1.75;2.72;2.56;2.04;5.23;4.08;3.68;2.91;1.39;1.26;1.81;6.61;2.20;6.17;2.89;3.12;2.55;2.20;5.14;2.49;0.00;0.22;5.45;0.07;1.71;3.81;1.09;0.67;7.76;1.15;0.09
2004-01-01;3.43;5.58;4.14;4.24;1.37;4.98;3.60;4.45;4.88;4.77;3.35;3.56;3.97;3.44;6.66;2.95;3.18;4.05;1.65;8.73;0.03;0.12;1.76;0.36;0.37;4.03;2.32;1.30;4.68;2.33;0.74
2004-02-01;0.50;1.62;1.51;0.80;1.12;1.35;1.48;1.60;1.31;1.36;0.40;4.94;0.80;1.90;2.37;2.45;1.32;0.69;2.30;2.13;0.00;0.10;1.85;0.19;1.28;2.32;2.82;0.91;1.52;1.60;0.06
2004-03-01;1.42;2.65;1.68;1.56;0.39;1.93;2.44;2.45;1.17;1.60;1.57;6.31;1.29;2.57;3.22;1.49;1.28;1.47;1.57;3.14;0.00;1.06;3.14;0.09;4.08;2.24;1.39;2.58;7.82;1.35;2.05
2004-04-01;1.87;3.58;2.24;2.37;1.87;4.13;2.63;5.21;1.68;1.68;1.89;4.01;2.24;4.76;3.22;3.07;1.75;3.00;3.93;4.17;0.00;2.07;4.19;0.02;2.64;2.14;1.96;1.93;4.60;1.22;1.56
2004-05-01;1.44;1.12;1.56;2.21;0.92;2.44;1.94;2.11;1.88;1.63;1.34;3.76;1.99;2.06;3.61;2.82;1.58;1.36;2.09;4.87;0.00;8.07;2.37;0.02;6.56;1.88;0.92;0.83;4.66;2.42;3.89
2004-06-01;1.01;1.24;0.36;0.43;0.29;1.18;1.21;1.63;1.81;2.02;0.95;2.74;0.34;1.06;2.29;0.76;2.19;1.37;0.35;3.87;0.00;2.66;1.96;0.00;3.59;2.86;0.58;0.73;4.12;2.94;5.79
2004-07-01;2.00;2.82;1.18;1.90;0.05;0.34;1.91;3.70;3.07;1.77;2.13;2.86;2.03;1.50;2.63;0.15;2.08;3.01;0.15;4.15;0.58;4.92;6.41;0.01;1.66;1.54;1.67;2.12;7.74;4.69;3.98
2004-08-01;4.14;4.33;2.82;3.03;0.87;2.94;4.95;4.35;3.13;3.68;4.18;3.44;2.73;5.80;4.63;0.24;3.50;2.96;0.80;5.19;1.26;2.71;4.54;0.01;2.61;1.47;1.97;1.78;2.50;2.22;3.02
2004-09-01;0.54;1.22;0.48;0.83;2.31;1.10;0.90;0.84;1.94;1.19;0.63;5.36;0.85;0.51;1.63;0.54;0.91;0.70;0.83;1.82;1.11;4.40;6.68;0.01;3.37;2.53;2.56;1.08;5.00;1.74;6.20
2004-10-01;1.78;4.87;3.38;2.86;4.84;3.63;6.25;3.23;3.65;3.04;1.67;3.34;3.40;5.68;5.65;4.56;1.53;2.63;3.41;5.61;0.01;4.02;1.20;0.00;19.63;1.98;4.44;1.91;8.57;2.34;3.59
2004-11-01;1.04;0.87;0.79;0.55;0.75;1.67;2.05;1.83;1.69;1.42;1.03;5.51;0.46;1.72;2.07;2.89;1.96;1.46;0.61;1.72;0.01;1.35;3.37;0.02;2.76;2.80;1.94;1.29;6.66;1.72;0.19
2004-12-01;1.81;1.91;1.19;1.87;1.86;1.78;2.45;1.85;2.05;2.09;1.99;5.68;1.61;1.90;4.37;4.80;1.80;2.02;2.44;3.69;0.00;0.01;3.32;0.05;2.90;3.56;2.36;2.89;8.68;1.67;0.26
2005-01-01;1.55;1.70;1.04;1.02;0.25;1.42;2.24;2.30;2.06;1.66;1.50;4.20;0.98;1.71;3.17;1.97;1.08;1.85;0.40;3.69;0.01;0.46;3.95;0.11;3.44;3.36;2.60;1.32;5.89;2.37;0.81
2005-02-01;1.37;1.59;1.03;0.77;0.32;1.70;2.09;2.50;2.75;2.01;1.15;4.10;0.77;1.93;3.68;2.15;2.17;1.19;2.78;3.76;0.08;0.18;2.43;0.26;2.21;1.46;4.37;1.94;1.25;1.45;0.58
2005-03-01;1.74;1.25;1.74;1.69;0.52;2.13;1.41;1.60;2.20;2.22;1.57;2.49;1.46;1.15;2.56;1.46;1.54;1.99;0.53;2.49;0.00;0.17;3.25;0.28;3.15;2.04;2.38;1.65;3.25;0.98;0.30
2005-04-01;2.06;3.36;2.03;3.19;2.37;2.98;6.35;4.55;4.08;3.50;1.96;3.83;2.50;3.89;6.08;2.45;2.76;2.25;1.08;6.00;0.00;2.25;4.52;0.00;2.15;3.02;1.14;0.82;5.34;1.41;2.58
2005-05-01;1.82;1.50;2.54;1.67;1.52;2.89;2.36;3.63;2.43;2.53;1.72;1.04;1.50;1.99;2.93;1.03;2.47;1.96;2.03;3.73;0.00;3.52;1.75;0.00;3.77;2.69;2.08;1.14;7.17;2.73;2.10
2005-06-01;1.71;1.30;2.09;1.51;0.14;0.57;2.02;3.03;2.53;2.50;1.60;2.34;1.29;1.85;2.53;0.76;1.26;1.97;0.45;2.66;0.05;4.00;3.63;0.01;6.84;1.13;3.98;0.77;4.24;3.64;4.13
2005-07-01;1.89;3.00;0.92;1.02;0.07;1.06;2.21;2.07;2.68;2.43;1.76;2.54;1.18;1.88;3.11;0.08;3.33;2.58;0.39;4.65;1.21;5.34;2.91;0.00;5.97;2.02;0.51;1.37;5.88;2.53;4.50
2005-08-01;1.72;0.86;0.52;0.67;0.33;2.58;1.31;1.73;2.51;2.03;1.79;4.01;0.40;1.29;5.53;0.33;3.24;1.43;0.60;5.65;3.84;2.52;0.84;0.01;4.10;1.06;0.19;1.80;5.70;0.76;5.49
2005-09-01;1.53;1.47;0.59;1.79;2.95;2.98;1.78;5.29;1.64;3.05;1.46;2.33;1.08;2.92;2.76;1.90;1.62;1.38;5.66;2.47;2.53;3.02;0.60;0.00;3.98;1.65;1.74;1.78;5.09;0.78;2.15
2005-10-01;1.48;2.95;3.18;1.62;1.77;1.82;2.82;2.99;1.81;1.75;1.62;3.16;1.64;2.89;2.83;2.03;1.70;3.16;7.85;2.46;0.11;11.23;10.31;0.00;4.55;2.05;1.93;1.83;8.34;1.51;6.39
2005-11-01;1.35;2.87;2.41;1.99;2.39;2.72;2.35;1.99;1.55;1.54;1.43;3.35;2.09;2.68;2.74;4.07;1.60;2.27;4.87;2.77;0.01;3.54;2.34;0.00;1.89;4.16;4.32;3.20;9.58;1.24;0.66
2005-12-01;1.54;2.93;1.63;2.21;0.93;1.85;2.32;2.12;2.47;2.45;1.50;6.45;2.65;1.65;3.75;4.87;1.30;1.52;0.52;4.30;0.00;2.56;2.91;0.01;0.23;3.94;0.60;1.22;5.50;2.30;0.54
2006-01-01;1.20;1.43;1.13;1.64;3.25;1.50;2.02;1.96;1.27;1.18;1.10;7.38;1.47;3.11;2.21;2.89;0.63;0.87;5.29;1.78;0.02;0.07;3.99;0.13;2.77;4.21;3.26;3.03;6.80;0.76;0.97
2006-02-01;2.37;3.25;1.66;2.69;0.93;0.83;2.02;2.06;1.83;2.24;2.48;4.46;2.82;1.65;2.93;2.58;2.68;2.22;0.53;3.58;0.03;0.00;2.17;0.16;3.74;3.11;1.20;1.70;3.81;0.97;0.19
2006-03-01;2.86;4.48;4.11;3.90;1.17;4.07;4.06;3.57;4.13;3.48;2.90;1.86;4.13;3.08;6.90;3.09;2.04;2.39;1.90;8.96;0.00;1.33;0.80;0.08;2.48;2.06;1.18;1.14;2.71;1.32;1.80
2006-04-01;0.96;1.38;1.01;1.31;0.10;1.54;2.64;2.69;3.22;1.72;1.09;3.86;1.17;1.99;3.89;0.72;1.75;1.10;0.43;4.72;0.00;1.38;5.16;0.06;3.69;3.29;0.59;1.79;5.19;1.43;1.34
2006-05-01;2.40;2.50;2.29;2.76;0.20;1.43;3.10;3.73;4.07;3.78;2.55;2.62;2.19;2.84;4.62;0.35;3.75;2.47;0.38;6.21;0.00;2.49;2.28;0.00;4.91;2.24;1.89;0.88;7.21;1.97;4.10
2006-06-01;1.31;0.76;0.23;1.99;0.13;2.27;1.80;3.37;2.41;1.72;1.09;4.77;1.08;1.34;1.98;0.41;1.54;2.08;0.21;2.10;0.00;4.21;7.61;0.00;4.41;2.78;4.50;1.29;10.45;1.64;3.11
2006-07-01;1.23;1.19;2.39;3.62;0.20;1.08;1.83;3.05;1.12;1.03;1.17;2.76;3.16;2.74;3.27;0.53;1.09;1.50;0.20;3.23;0.99;2.14;2.51;0.01;6.44;2.47;2.64;1.39;8.17;2.15;5.59
2006-08-01;2.65;1.83;1.70;1.19;0.41;2.39;4.17;4.42;5.33;5.30;2.98;2.12;1.18;2.73;5.53;1.22;5.07;2.05;1.00;8.47;3.47;2.01;3.04;0.01;4.53;2.59;1.49;1.48;3.92;4.64;7.00
2006-09-01;1.69;1.45;3.36;3.28;2.89;3.63;2.38;2.96;3.35;2.27;1.34;3.78;3.54;4.08;3.65;2.93;1.60;3.36;3.12;2.96;4.30;3.30;4.26;0.01;6.02;1.77;4.24;0.78;4.83;1.35;6.27
2006-10-01;2.48;4.44;4.07;2.08;1.25;1.83;1.90;2.41;3.58;5.10;2.30;5.23;2.56;3.67;2.07;1.42;2.15;2.10;1.42;2.58;0.23;2.64;3.67;0.02;9.83;2.12;0.56;1.23;2.71;2.03;3.18
2006-11-01;2.07;4.92;2.88;2.08;1.72;1.21;3.22;2.04;1.92;2.14;2.09;5.46;1.98;4.73;2.99;2.25;2.00;1.79;0.31;3.16;0.00;3.36;4.05;0.02;4.33;3.06;1.10;2.42;7.35;1.69;1.56
2006-12-01;2.06;4.38;3.29;1.62;1.93;0.92;2.13;0.94;1.37;1.62;2.20;4.56;1.52;1.52;2.58;2.06;3.08;3.69;0.77;2.61;0.00;0.10;1.37;0.10;4.04;4.03;2.96;1.64;12.81;1.15;0.59
2007-01-01;1.67;2.96;1.45;2.04;0.84;0.98;1.91;1.99;3.45;2.59;1.85;2.33;2.04;1.58;3.79;2.72;1.88;1.49;0.20;5.15;0.00;0.00;2.67;0.06;1.52;3.29;0.67;1.47;7.39;1.90;1.10
2007-02-01;2.79;4.74;4.12;4.20;1.53;2.83;2.64;2.26;3.07;3.25;2.85;1.75;3.95;2.05;5.22;4.24;2.80;2.93;3.07;5.82;0.00;0.09;2.27;0.31;2.47;3.85;2.98;0.85;2.70;1.59;1.38
2007-03-01;1.85;3.00;2.57;2.87;0.69;2.33;2.29;3.10;3.38;3.41;2.05;5.41;3.02;1.96;4.45;1.72;2.19;2.90;0.96;5.46;0.00;0.00;3.88;0.06;2.01;3.68;1.99;2.06;6.55;1.26;1.86
2007-04-01;0.23;1.48;1.88;1.57;0.96;1.50;0.64;1.11;0.08;0.10;0.33;4.49;1.58;2.66;2.31;1.42;0.03;0.55;4.01;2.06;0.00;1.75;7.01;0.07;4.25;3.54;3.46;0.80;9.32;1.14;2.37
2007-05-01;2.83;3.66;3.30;3.83;2.77;5.96;4.91;3.91;3.89;3.66;2.63;1.88;3.69;4.98;7.87;2.24;2.53;2.44;2.29;8.22;0.00;3.37;1.80;0.12;3.81;2.71;1.04;0.58;8.65;1.44;2.54
2007-06-01;3.79;3.84;3.54;2.46;0.43;3.13;4.97;4.08;4.28;3.78;3.26;1.44;2.08;4.66;6.61;1.25;2.87;3.74;0.65;7.51;0.03;6.04;2.02;0.00;2.37;2.64;12.80;1.07;8.92;0.72;4.91
2007-07-01;2.88;2.74;2.32;2.33;0.12;2.28;3.78;5.11;3.51;3.27;2.95;1.85;1.71;2.04;4.59;0.10;5.14;4.96;0.30;6.95;3.49;4.56;3.60;0.00;8.38;1.41;1.90;0.83;9.87;2.47;6.58
2007-08-01;3.17;1.42;1.44;2.22;0.35;2.77;4.02;4.57;2.91;4.09;3.15;3.84;2.61;3.07;4.60;0.74;1.78;1.80;0.92;6.26;5.56;6.42;3.41;0.01;1.05;2.13;2.58;0.97;6.62;2.90;7.86
2007-09-01;0.89;1.36;0.40;0.73;0.59;1.13;2.55;2.49;2.21;1.76;0.91;6.60;0.82;1.83;3.60;1.29;1.65;1.80;0.39;3.63;2.02;3.51;0.81;0.02;8.08;2.43;0.87;1.62;7.11;1.98;5.16
2007-10-01;1.73;0.70;0.72;1.37;1.55;1.92;0.58;1.23;0.52;0.76;2.03;9.26;1.09;0.99;1.25;2.79;2.37;1.22;2.39;1.47;0.13;4.93;2.68;0.00;6.21;2.52;0.96;3.45;8.44;2.69;2.73
2007-11-01;1.34;1.80;1.39;1.42;2.23;0.45;2.98;2.34;3.37;2.04;1.35;5.72;1.56;3.20;3.41;1.58;1.63;1.44;0.48;2.66;0.00;1.18;1.89;0.01;2.21;3.10;5.21;2.03;8.85;2.08;1.31
2007-12-01;1.89;2.36;1.46;1.89;0.88;2.11;2.21;1.71;2.93;3.09;1.93;7.53;1.70;1.56;5.44;3.61;1.97;2.12;1.48;6.01;0.00;1.11;3.90;0.01;2.94;3.04;2.56;2.12;9.78;0.64;0.63
2008-01-01;1.59;3.79;3.15;3.15;2.59;2.47;2.17;1.67;1.99;1.87;1.77;4.76;3.23;3.14;4.20;3.54;2.16;2.36;1.77;4.35;0.00;0.04;1.57;0.09;1.07;2.66;2.65;2.11;5.11;1.09;0.29
2008-02-01;1.70;2.29;1.70;0.86;0.81;0.36;1.12;0.87;1.46;2.12;1.48;6.03;1.04;1.29;1.59;1.23;1.09;1.13;0.50;2.20;0.05;1.33;5.58;0.08;2.28;2.64;6.17;2.07;1.72;1.50;0.54
2008-03-01;2.95;3.46;2.43;2.73;1.52;3.44;2.86;3.56;3.52;3.74;3.10;2.81;2.68;2.67;5.67;3.30;3.65;3.90;0.83;6.92;0.00;5.35;3.91;0.01;2.96;3.02;1.55;0.55;9.26;1.74;0.19
2008-04-01;2.57;2.12;2.85;3.24;2.56;3.29;4.84;4.08;3.74;3.50;2.74;1.97;3.13;4.57;4.97;3.29;1.61;2.26;1.34;5.56;0.00;0.88;2.11;0.01;8.01;3.45;3.12;1.20;8.17;1.71;2.58
2008-05-01;2.55;3.98;2.82;4.09;2.10;3.30;2.72;4.16;1.65;1.64;2.62;2.44;3.93;5.34;4.66;6.19;3.00;2.81;3.00;4.50;0.00;3.91;3.39;0.00;7.66;2.32;0.72;0.97;6.77;2.59;1.05
2008-06-01;1.21;1.15;1.35;2.90;0.68;2.60;3.26;3.60;3.08;2.53;1.17;1.57;2.70;3.53;4.68;1.19;2.54;1.34;1.33;5.73;0.01;3.74;3.90;0.00;5.80;1.53;3.81;1.02;7.39;2.94;5.92
2008-07-01;1.88;2.30;2.06;0.88;0.13;2.08;2.51;3.84;2.87;1.71;1.56;2.45;0.85;2.56;4.79;0.03;2.03;2.30;0.37;5.06;2.33;4.33;2.66;0.01;0.87;2.03;1.43;1.01;7.53;2.70;9.38
2008-08-01;2.17;2.40;1.84;2.45;0.52;0.97;3.25;3.79;3.19;4.03;2.34;3.22;2.88;3.36;3.72;0.16;2.62;2.04;0.54;4.67;5.97;6.13;2.71;0.00;3.66;2.70;1.56;1.33;7.46;2.80;5.60
2008-09-01;1.28;2.98;1.75;2.31;1.75;1.95;5.26;1.94;2.45;3.13;1.36;8.35;2.02;3.20;4.54;1.23;2.68;1.55;0.38;4.80;1.55;2.88;5.32;0.01;8.59;0.52;2.78;2.26;5.28;1.78;6.73
2008-10-01;1.94;2.60;1.65;2.93;2.46;1.83;4.27;4.24;3.99;2.36;2.14;3.80;3.11;4.47;4.49;4.43;2.25;2.09;1.06;4.34;0.70;4.57;2.80;0.12;3.34;2.25;2.16;1.56;5.96;1.79;2.19
2008-11-01;2.64;3.78;2.26;2.13;4.39;3.95;3.18;3.68;1.42;1.76;2.46;4.31;2.27;6.37;3.93;7.67;2.68;3.56;2.49;3.68;0.00;3.41;2.44;0.00;2.78;2.75;2.22;1.07;8.64;1.30;0.07
2008-12-01;1.12;2.08;1.36;2.31;4.51;2.93;3.30;3.22;2.38;2.12;1.07;5.29;1.89;4.75;4.10;5.96;0.86;1.59;4.87;4.11;0.00;0.11;4.72;0.04;3.04;3.94;2.86;2.28;7.82;1.44;0.02
2009-01-01;1.82;3.76;3.65;3.30;3.08;3.28;1.64;2.03;0.98;1.31;2.15;4.35;3.26;1.83;2.99;4.82;1.90;1.89;2.09;2.89;0.00;0.04;2.51;0.02;4.64;3.34;0.31;0.93;1.22;1.15;0.66
2009-02-01;1.57;2.19;0.83;1.06;3.22;1.21;3.72;1.88;3.06;2.15;1.62;4.42;0.97;3.50;3.41;2.78;2.02;1.49;1.17;3.77;0.00;0.00;0.93;0.09;2.36;3.04;3.75;1.51;2.43;1.47;0.57
2009-03-01;1.17;1.62;1.14;0.88;1.22;0.92;1.72;1.01;3.66;2.44;1.20;3.62;1.00;1.49;3.69;3.30;2.00;1.37;0.85;4.42;0.00;0.48;1.94;0.02;3.10;3.52;2.51;2.15;6.35;1.13;0.94
2009-04-01;1.93;2.67;2.77;3.93;4.08;4.67;2.69;3.78;1.26;1.64;2.18;4.57;3.20;4.84;2.98;4.38;1.68;2.06;3.60;3.45;0.00;1.23;2.14;0.01;3.84;3.52;2.77;1.11;4.35;0.71;0.77
2009-05-01;2.23;1.40;2.15;3.65;0.71;2.37;1.98;2.64;2.88;2.04;2.16;3.81;3.80;2.20;3.29;0.42;2.00;1.82;0.62;3.54;0.01;6.78;3.27;0.01;5.40;2.12;2.94;1.19;5.72;1.56;1.85
2009-06-01;2.35;1.61;1.10;1.33;0.34;2.03;3.32;3.07;2.84;3.00;2.47;1.87;1.90;2.46;3.40;0.78;2.07;1.96;0.47;3.98;0.01;4.70;5.59;0.00;5.14;3.65;3.49;1.19;5.72;2.12;3.23
2009-07-01;1.34;3.68;1.49;1.84;0.07;0.91;2.31;3.64;3.53;2.59;1.55;1.34;1.21;1.74;3.41;0.14;2.17;2.33;0.33;5.97;1.14;5.18;4.47;0.00;5.04;2.45;1.35;0.60;4.12;2.78;3.78
2009-08-01;0.92;0.71;0.77;0.80;0.18;2.39;1.88;3.69;2.23;1.52;0.95;2.76;0.65;1.61;1.77;0.05;1.05;0.99;0.29;2.79;3.74;2.97;5.58;0.00;5.62;3.01;0.25;1.03;5.65;2.90;4.26
2009-09-01;0.95;0.67;1.57;1.43;2.98;1.16;1.79;1.25;1.13;1.52;0.90;5.23;1.34;1.75;2.40;2.47;0.66;1.05;0.38;2.90;3.04;6.84;2.05;0.01;2.10;2.21;0.68;1.02;4.17;1.24;10.52
2009-10-01;2.06;2.48;1.55;1.25;2.63;1.58;2.74;1.50;2.21;1.42;2.43;5.03;1.05;3.36;2.34;2.37;2.00;1.89;1.18;2.29;0.99;1.90;5.12;0.02;8.15;2.33;3.51;2.02;5.32;4.11;4.76
2009-11-01;2.82;7.62;4.76;4.41;1.70;2.98;3.52;2.52;3.59;4.37;3.07;1.81;5.07;2.45;6.03;4.63;3.39;3.53;0.68;7.06;0.10;3.55;2.63;0.04;5.47;2.25;0.82;2.21;8.50;2.40;0.24
2009-12-01;2.80;4.25;3.86;3.65;3.55;1.88;3.09;2.62;3.57;3.23;2.83;1.90;3.44;2.18;5.56;8.42;2.97;2.43;0.65;5.46;0.00;1.41;4.93;0.09;2.97;2.60;2.57;1.96;9.09;1.42;1.38
2010-01-01;1.33;2.63;1.74;2.54;3.75;2.60;2.52;2.73;2.19;1.93;1.32;4.16;2.25;2.57;3.84;6.12;1.54;1.78;2.70;3.13;0.00;0.13;1.50;0.09;0.60;5.63;1.48;3.72;2.86;0.59;3.11
2010-02-01;2.55;4.45;2.50;2.51;3.00;1.77;3.13;2.39;2.74;3.36;2.85;1.50;2.18;3.43;4.61;4.88;3.01;2.95;2.66;4.17;0.00;0.03;5.01;0.23;3.76;3.83;6.20;0.68;2.11;2.11;3.59
2010-03-01;1.24;1.64;1.69;2.16;1.58;1.69;1.83;2.06;1.97;1.97;1.19;3.32;2.20;2.37;3.16;2.73;1.55;1.37;3.36;3.36;0.00;0.05;8.41;0.02;4.73;2.53;2.41;0.79;6.12;0.72;0.09
2010-04-01;0.72;0.95;0.90;1.01;1.12;0.96;1.12;1.43;1.07;1.11;0.69;2.64;0.84;1.80;2.36;1.41;0.80;0.71;0.85;2.70;0.00;1.79;1.62;0.01;7.07;2.12;1.29;0.88;6.37;0.86;1.42
2010-05-01;1.35;1.59;1.34;1.47;2.27;4.19;4.24;4.85;4.61;3.28;1.54;1.30;1.52;4.96;6.44;2.18;1.76;1.09;2.97;7.00;0.00;4.55;1.34;0.01;3.71;2.31;4.69;0.85;6.87;1.94;2.01
2010-06-01;2.08;1.57;1.09;2.96;1.31;2.05;3.04;4.72;2.20;2.35;1.85;1.62;3.13;4.39;4.60;2.63;1.56;1.70;0.74;4.37;0.04;4.65;1.58;0.00;5.12;2.60;2.55;0.56;7.77;2.44;2.64
2010-07-01;1.74;1.69;0.61;0.81;0.00;0.88;1.68;3.73;3.77;2.35;1.70;2.47;1.07;1.26;2.77;0.57;1.92;1.02;0.19;3.74;0.70;8.95;2.51;0.01;4.63;1.75;3.25;1.29;8.05;0.73;10.34
2010-08-01;2.55;2.50;0.93;1.30;0.14;1.33;1.79;2.29;5.97;4.33;2.46;2.42;1.13;1.08;3.59;0.95;4.38;2.18;1.25;7.75;2.91;5.69;2.35;0.01;2.81;1.40;0.96;0.60;6.09;2.74;5.03
2010-09-01;1.73;1.61;1.37;1.19;1.76;1.42;2.36;3.36;2.99;3.20;1.64;4.52;1.51;3.55;3.09;0.65;2.64;2.02;1.29;3.52;4.55;4.02;2.44;0.00;9.99;1.74;1.68;1.22;7.43;1.80;6.83
2010-10-01;1.63;3.42;2.50;3.59;2.90;4.09;2.40;3.36;1.76;1.49;1.64;2.01;2.92;5.56;3.74;3.97;2.16;2.90;5.22;2.43;1.32;3.21;3.93;0.02;9.35;1.70;3.04;2.47;7.79;1.24;0.30
2010-11-01;2.48;5.27;3.61;4.23;3.52;2.66;3.80;3.39;3.47;4.00;2.67;1.62;4.04;4.25;6.36;7.97;2.87;3.83;1.58;5.85;0.00;5.13;2.07;0.00;2.61;2.34;5.51;1.16;11.27;2.73;0.23
2010-12-01;2.84;2.69;2.86;2.37;2.43;1.30;2.83;3.12;5.66;4.78;2.56;2.41;2.68;2.99;3.97;4.55;1.70;2.25;0.62;4.89;0.00;0.57;2.74;0.06;3.44;3.60;1.47;1.57;5.24;2.53;0.02
2011-01-01;1.95;2.52;1.82;1.31;1.16;0.73;1.58;1.14;2.69;2.54;2.02;4.45;1.27;1.45;1.93;2.44;1.92;1.43;2.66;2.09;0.00;0.03;2.61;0.38;0.32;3.51;1.71;1.35;9.73;1.02;0.14
2011-02-01;1.05;3.70;1.80;1.29;1.72;2.19;1.90;1.41;1.42;1.21;1.07;4.92;1.25;1.58;2.14;2.29;1.57;1.61;0.98;2.07;0.00;0.42;2.56;0.06;4.16;1.97;1.31;1.96;1.27;0.98;0.09
2011-03-01;0.99;0.81;0.85;1.22;2.54;2.06;2.04;2.52;0.98;1.13;0.81;4.25;1.01;3.50;3.22;2.98;0.53;1.01;4.54;2.95;0.00;0.04;4.87;0.05;2.36;2.01;2.75;2.78;5.80;0.76;0.69
2011-04-01;0.43;0.75;0.33;0.65;0.65;1.06;0.47;0.98;0.70;0.84;0.59;7.10;0.53;0.91;1.51;1.57;0.64;0.35;1.28;1.57;0.00;4.93;4.50;0.18;2.08;2.87;3.06;1.67;5.38;1.56;1.34
2011-05-01;0.22;0.96;0.98;0.94;0.14;1.50;1.65;2.32;1.39;0.86;0.22;2.49;0.83;2.41;3.71;0.27;0.47;0.72;0.86;3.74;0.00;3.50;4.03;0.03;7.39;2.87;3.75;1.12;7.41;1.70;0.76
2011-06-01;2.82;1.72;1.19;1.35;1.74;1.89;2.52;1.64;3.03;2.31;2.99;1.80;1.44;2.61;5.10;1.80;2.72;2.24;1.60;6.19;0.01;2.79;3.32;0.00;3.58;1.94;2.09;0.27;8.18;2.16;4.85
2011-07-01;2.98;1.45;1.45;1.59;1.95;3.35;5.51;4.65;3.87;2.48;2.51;2.73;2.05;4.11;5.86;1.22;2.52;2.75;0.95;6.41;0.66;6.00;1.97;0.01;3.66;1.55;3.42;1.42;4.04;2.93;7.43
2011-08-01;2.12;1.84;3.86;2.52;0.23;0.80;2.84;2.30;3.31;3.99;2.23;1.25;2.39;2.33;1.98;0.04;3.17;3.43;0.63;2.73;5.94;7.35;9.46;0.01;5.54;1.57;2.81;1.41;4.22;1.36;5.26
2011-09-01;1.35;1.53;1.13;1.38;1.39;0.67;1.39;1.34;1.86;1.96;1.32;4.04;1.04;1.11;2.89;0.68;1.44;1.49;0.63;3.49;1.36;2.92;4.68;0.01;5.24;2.09;3.68;2.37;5.51;2.36;3.98
2011-10-01;1.13;2.85;0.68;1.03;1.44;0.99;2.72;1.71;2.09;1.98;1.02;5.21;1.23;2.55;2.63;1.15;1.18;0.69;3.94;2.79;0.51;6.55;4.41;0.00;5.02;1.39;2.01;2.39;8.87;1.42;2.70
2011-11-01;1.52;1.37;1.39;1.73;6.50;2.07;1.51;1.85;0.22;0.49;1.54;4.79;1.63;6.05;1.32;3.60;0.92;0.88;5.37;0.40;0.00;2.10;3.06;0.26;3.21;2.63;5.04;2.72;11.47;1.39;1.54
2011-12-01;4.04;5.34;3.59;3.60;0.47;2.63;4.41;4.18;6.41;5.79;4.11;3.34;3.84;3.00;8.79;4.08;3.97;4.44;0.15;10.56;0.00;0.42;3.23;0.01;1.77;2.29;2.58;1.13;8.52;2.24;0.16
2012-01-01;1.37;2.16;1.21;1.43;0.61;1.40;2.28;1.76;3.88;2.89;1.34;6.29;1.38;1.72;5.13;3.09;1.72;1.16;0.47;5.72;0.00;0.01;2.26;0.14;1.59;2.39;3.21;2.88;2.51;1.59;1.26
2012-02-01;0.50;1.19;0.51;0.40;0.44;0.65;0.49;0.82;0.88;0.76;0.50;7.13;0.34;0.54;0.51;0.70;0.79;0.94;0.11;0.59;0.00;0.00;1.27;0.09;3.67;3.02;5.97;3.04;5.67;1.19;2.99
2012-03-01;0.88;1.14;0.95;0.73;0.40;1.22;1.29;1.20;0.84;1.17;0.89;5.58;0.57;0.95;1.59;0.47;1.75;0.84;1.27;1.39;0.04;0.04;1.21;0.05;5.07;3.25;4.93;1.30;6.61;1.51;1.86
2012-04-01;2.97;4.97;3.77;5.27;1.53;3.59;4.85;4.12;2.46;3.48;3.00;2.45;5.48;5.40;7.30;3.24;3.68;3.93;2.14;7.02;0.02;1.25;1.68;0.01;4.01;3.43;3.45;0.52;7.71;2.14;0.82
2012-05-01;2.22;2.31;2.07;2.24;2.08;2.37;4.59;4.70;2.51;3.75;1.97;1.27;2.08;4.59;4.88;4.83;1.58;1.70;1.18;5.40;0.00;2.51;3.22;0.03;5.77;1.65;1.32;1.38;7.42;1.42;1.69
2012-06-01;3.24;3.17;2.44;3.05;0.46;1.91;4.15;3.03;3.26;3.82;3.08;0.64;3.58;3.47;4.30;0.35;3.35;4.29;0.74;6.23;0.02;2.62;3.07;0.00;6.26;2.64;3.79;0.68;4.22;3.63;5.61
2012-07-01;3.00;2.27;2.68;1.17;0.14;0.95;2.66;2.34;2.95;2.77;2.68;1.91;0.96;2.35;2.29;0.33;3.91;2.35;0.86;3.97;0.99;3.50;3.34;0.00;3.49;2.23;1.54;1.41;7.21;1.83;5.78
2012-08-01;0.47;2.07;0.90;0.65;0.50;1.90;3.01;2.79;2.65;2.01;0.47;4.19;0.42;2.42;3.41;0.03;1.48;1.23;1.77;5.01;5.19;6.25;2.95;0.01;1.68;1.57;0.65;1.86;4.97;3.07;7.06
2012-09-01;1.43;2.62;1.51;1.68;1.29;1.53;3.94;2.59;2.28;2.53;1.22;4.63;1.66;3.55;4.35;2.48;1.02;1.11;1.98;4.43;4.63;4.37;3.79;0.01;5.88;3.07;0.83;2.59;3.44;2.44;3.31
2012-10-01;3.29;3.52;5.33;3.64;4.77;2.65;2.51;2.95;2.17;2.09;3.31;2.66;3.31;2.39;3.76;6.81;5.28;4.42;5.41;4.06;0.31;4.84;3.91;0.01;4.16;2.32;1.09;0.87;7.06;4.08;0.22
2012-11-01;1.38;4.85;1.90;1.72;3.58;1.60;5.25;2.04;3.86;2.97;1.61;3.86;1.92;3.32;7.11;7.06;1.69;2.22;1.43;6.00;0.00;1.33;1.26;0.22;3.34;2.73;1.28;0.93;10.99;2.88;1.35
2012-12-01;3.21;5.40;4.44;3.47;1.28;2.32;2.71;2.52;4.23;4.21;3.37;3.20;3.67;2.17;6.44;3.53;3.66;3.54;0.35;8.68;0.13;0.94;3.75;0.00;3.03;4.49;0.86;2.43;9.39;1.36;0.04
2013-01-01;1.82;4.42;2.38;3.78;2.18;5.82;2.62;2.05;2.40;2.12;1.86;4.48;3.71;1.93;3.92;5.09;1.79;2.17;1.49;3.77;0.00;0.00;1.83;0.27;1.85;2.79;5.93;1.65;3.70;1.40;0.80
2013-02-01;2.18;1.64;2.10;1.59;0.90;3.07;2.35;2.93;3.08;2.37;2.08;5.83;1.92;2.20;4.81;4.87;1.52;1.95;1.07;5.06;0.00;0.50;3.38;0.04;1.92;3.00;6.62;0.91;11.68;1.36;0.18
2013-03-01;1.98;3.93;2.73;2.18;3.54;3.10;2.61;3.01;1.72;1.76;1.81;1.97;1.62;4.18;4.68;6.88;2.31;3.25;4.49;4.58;0.00;0.23;2.26;0.00;2.04;2.72;1.71;0.49;3.37;2.17;0.72
2013-04-01;1.80;2.60;2.05;2.34;2.70;2.75;4.48;2.86;3.56;3.64;1.88;2.72;2.37;4.65;5.10;3.38;1.15;1.62;3.66;5.43;0.01;0.82;1.13;0.00;5.78;1.95;3.66;1.01;8.04;1.45;1.00
2013-05-01;3.06;1.54;3.08;2.99;2.81;4.30;6.26;4.47;4.74;4.52;2.93;3.57;2.69;5.11;7.85;3.41;3.00;2.99;1.65;8.78;0.02;6.81;2.91;0.02;1.77;2.47;2.40;1.30;7.18;2.70;2.49
2013-06-01;1.92;1.73;1.87;3.71;0.43;1.89;1.45;1.19;2.78;3.10;1.86;3.17;3.04;1.48;3.66;0.57;1.87;1.29;0.55;4.74;0.10;5.04;6.33;0.01;5.30;3.13;5.66;1.72;3.10;1.47;6.84
2013-07-01;0.80;0.60;1.43;1.24;0.68;0.92;2.61;2.46;2.79;1.41;1.15;3.55;1.92;2.52;4.36;0.73;1.34;1.40;1.67;4.10;0.87;4.83;4.62;0.01;2.65;3.11;0.85;2.00;5.74;2.85;4.33
2013-08-01;1.64;0.79;0.68;1.30;0.16;1.69;2.88;3.80;2.08;1.83;1.62;4.46;1.08;2.49;2.41;0.22;1.27;0.76;1.18;2.69;11.85;4.12;2.01;0.01;1.88;2.39;0.48;3.64;6.85;2.40;4.02
2013-09-01;2.01;1.72;1.14;2.11;1.25;1.95;3.07;3.19;3.77;3.21;1.57;4.50;2.14;2.52;4.25;2.42;2.02;1.61;1.04;5.31;4.24;7.20;1.64;0.01;3.85;1.07;1.45;1.67;7.62;5.93;11.38
2013-10-01;2.43;5.65;3.48;3.23;0.92;0.99;3.56;2.60;3.82;4.31;2.22;0.62;2.97;2.96;5.79;1.85;3.05;3.16;1.04;5.62;0.30;3.10;1.55;0.01;11.44;2.08;0.94;1.04;7.88;1.05;3.40
2013-11-01;2.97;2.93;2.82;3.69;2.00;6.12;4.03;4.14;3.84;3.67;3.20;5.64;3.90;3.86;6.79;5.48;3.26;3.63;6.57;6.62;0.04;0.72;2.86;0.06;1.83;2.98;6.74;1.79;8.95;2.35;2.64
2013-12-01;1.75;5.78;3.37;1.96;3.03;1.09;2.80;1.34;2.14;1.76;2.07;3.25;2.03;2.78;3.44;2.62;2.04;2.69;0.41;3.14;0.02;0.20;4.02;0.13;1.71;3.89;1.32;0.74;7.04;1.45;1.38
2014-01-01;2.31;5.95;4.36;4.65;5.71;4.65;3.60;2.64;2.30;2.57;2.48;2.09;4.40;4.41;5.71;6.24;2.82;2.70;1.24;5.35;0.00;0.00;2.22;0.12;1.28;3.63;0.81;1.43;1.95;1.22;0.97
2014-02-01;2.93;7.45;5.29;4.29;3.69;2.91;4.62;2.61;2.82;3.16;3.16;0.63;4.68;4.52;6.65;6.05;3.09;4.07;0.76;6.33;0.00;0.05;4.66;0.18;6.98;2.51;2.82;1.31;0.10;0.94;0.14
2014-03-01;0.67;3.07;1.43;2.15;0.85;2.25;0.94;1.13;0.70;0.72;0.76;5.02;2.25;0.90;2.28;3.91;1.00;1.63;0.51;1.92;0.00;0.31;2.56;0.07;3.08;5.96;3.87;1.46;2.32;0.64;1.22
2014-04-01;1.87;1.79;1.54;2.10;0.51;3.30;1.38;1.81;1.44;0.92;1.66;3.21;1.75;1.93;2.71;2.40;1.11;2.53;2.13;3.99;0.00;0.29;3.30;0.01;4.01;1.96;2.51;0.61;5.91;0.82;1.92
2014-05-01;3.48;2.71;1.30;3.12;0.56;2.33;2.13;3.18;2.77;2.67;3.03;3.44;2.91;1.91;5.50;1.05;2.99;3.52;0.98;6.22;0.03;5.13;2.97;0.03;2.78;1.81;1.11;1.05;8.63;1.91;4.20
2014-06-01;2.80;1.20;1.29;1.87;1.29;1.54;1.31;1.58;1.25;1.52;2.92;4.50;1.71;1.95;3.62;1.87;1.66;2.51;0.56;3.67;0.00;2.57;2.43;0.00;7.80;2.07;2.38;0.64;7.44;2.16;8.74
2014-07-01;4.23;1.71;2.25;2.49;0.59;3.76;5.92;5.37;5.57;5.19;3.90;4.98;2.30;4.94;8.67;1.49;2.77;3.05;1.38;10.55;0.09;3.80;2.87;0.00;2.86;1.84;0.82;1.69;7.75;0.51;5.75
2014-08-01;3.54;2.32;3.85;2.05;1.11;2.72;2.68;3.84;4.38;4.49;3.71;1.96;2.33;2.08;4.24;0.05;3.61;4.52;2.01;5.01;1.51;5.22;1.36;0.00;3.57;2.16;5.33;0.53;8.88;1.70;4.39
2014-09-01;0.66;0.84;0.55;0.62;2.61;0.93;1.85;3.40;1.65;0.93;0.78;5.80;0.43;1.90;2.40;0.55;1.31;0.63;2.11;2.30;1.42;4.25;0.94;0.00;2.83;2.62;1.54;2.04;3.36;0.95;5.49
2014-10-01;1.80;3.65;2.86;1.30;2.02;0.74;5.51;1.96;2.64;3.20;1.89;2.66;1.45;4.74;2.16;2.24;2.09;1.88;0.60;3.06;0.04;5.30;3.53;0.01;7.93;2.20;3.34;2.03;3.48;1.41;4.98
2014-11-01;2.15;4.66;3.56;3.98;9.69;3.71;5.89;4.05;2.09;3.47;2.18;3.29;3.64;5.69;6.79;5.24;1.74;2.22;6.61;5.01;0.00;1.32;3.19;0.04;3.86;3.41;0.87;2.19;10.01;0.54;1.51
2014-12-01;2.42;2.03;1.43;0.93;3.64;2.58;2.24;2.05;3.03;2.59;2.45;5.38;0.84;2.13;3.10;3.49;2.00;2.40;1.80;3.34;0.00;0.72;3.87;0.02;2.00;4.25;3.29;1.34;14.43;2.00;0.88
2015-01-01;1.58;3.87;2.46;2.28;2.77;2.20;3.73;2.07;3.52;3.73;1.83;5.14;2.60;3.13;5.36;2.38;3.26;2.52;0.74;5.73;0.00;0.10;3.85;0.11;2.96;1.87;4.07;1.53;3.69;1.86;0.70
2015-02-01;1.99;3.14;2.23;2.25;4.22;3.67;2.36;2.31;1.63;1.53;2.02;5.31;2.15;2.04;4.46;4.51;2.16;2.45;1.31;3.52;0.00;0.04;2.14;0.16;2.59;3.45;1.84;2.06;3.63;0.92;1.64
2015-03-01;1.27;1.18;1.18;1.23;2.18;2.72;2.20;2.30;1.86;2.08;1.19;6.44;1.14;2.12;4.39;3.73;1.33;0.93;2.90;4.36;0.00;0.47;3.66;0.03;3.58;2.78;2.17;2.41;3.55;0.64;3.22
2015-04-01;1.46;1.67;1.34;1.73;1.49;3.17;2.86;2.54;2.53;1.88;1.25;3.48;1.63;2.76;3.64;1.97;0.87;1.23;1.48;3.73;0.00;2.83;1.98;0.05;3.88;2.24;11.83;0.81;5.72;2.13;2.79
2015-05-01;2.19;1.91;2.23;1.46;0.09;1.28;2.10;1.68;3.00;2.09;2.27;2.61;1.75;1.24;4.88;0.60;1.98;1.79;0.51;6.77;0.02;5.28;1.09;0.05;2.42;3.02;2.18;0.51;8.57;3.36;6.89
2015-06-01;0.44;0.63;1.37;1.95;0.54;1.66;2.41;1.49;1.19;1.27;0.33;1.82;1.82;2.12;3.95;0.92;1.03;0.78;1.30;3.56;0.00;3.71;6.81;0.00;4.60;2.81;3.10;0.92;6.35;2.23;6.32
2015-07-01;1.02;2.13;1.69;0.56;0.01;1.25;1.13;1.01;0.82;1.18;0.88;2.44;0.74;1.02;1.31;0.15;1.85;2.04;0.44;2.36;1.66;3.34;2.30;0.00;7.98;2.69;1.63;0.64;4.15;1.88;5.40
2015-08-01;2.40;4.67;2.28;4.04;0.98;3.54;2.74;2.77;1.92;1.27;2.39;2.71;3.64;3.89;4.49;0.38;3.74;3.77;1.46;4.41;10.24;4.44;1.45;0.00;3.50;2.30;1.23;2.24;4.59;0.96;4.69
2015-09-01;2.13;1.62;1.87;1.73;1.08;1.65;4.37;3.23;3.08;3.50;1.98;4.12;2.15;3.27;4.28;1.76;2.36;1.88;1.99;4.82;3.79;4.81;3.20;0.01;10.09;2.71;2.29;2.39;2.39;2.19;5.11
2015-10-01;1.56;2.53;1.32;2.10;2.93;0.98;2.78;1.22;1.27;1.19;1.63;6.17;2.05;3.00;3.23;4.21;1.07;1.45;0.74;2.43;0.82;2.34;2.16;0.07;2.64;1.59;1.28;2.46;2.23;0.76;3.49
2015-11-01;2.11;2.49;1.60;1.48;0.92;1.91;1.78;1.79;2.83;2.46;2.31;3.36;1.53;1.79;3.16;1.27;3.05;2.41;1.71;3.46;0.00;12.24;1.31;0.49;5.53;3.03;2.67;1.37;9.94;1.52;1.56
2015-12-01;1.20;2.97;1.39;0.36;1.04;0.25;0.76;0.51;1.22;0.95;1.22;3.80;0.44;0.46;0.52;0.85;1.44;1.36;0.26;0.80;0.00;1.18;3.44;0.15;3.16;2.07;2.50;3.14;6.92;1.62;1.55
2016-01-01;2.55;6.38;3.64;6.29;1.17;2.89;3.34;3.60;3.93;3.30;2.76;2.37;6.35;2.27;6.29;5.36;3.23;3.13;0.90;8.82;0.00;0.15;2.86;0.20;3.67;2.07;7.76;1.69;5.65;2.13;0.71
2016-02-01;2.23;4.64;2.95;4.49;2.78;3.32;3.17;3.34;3.96;3.89;2.37;3.10;4.20;3.55;5.66;6.03;2.82;2.72;1.95;6.94;0.00;0.00;3.52;0.03;2.35;3.31;0.95;0.95;5.75;1.51;0.44
2016-03-01;2.97;2.69;2.69;2.76;0.96;2.52;2.48;2.72;2.12;2.70;3.00;3.86;2.65;2.50;4.16;2.04;2.27;2.59;1.42;4.20;0.00;0.06;1.04;0.11;4.12;2.81;2.32;1.85;2.91;1.96;2.72
2016-04-01;2.58;1.82;1.52;2.66;0.90;2.35;3.70;5.13;4.23;3.92;2.37;1.66;2.69;3.52;5.12;0.97;2.06;2.20;1.90;6.00;0.00;0.12;2.28;0.01;3.14;2.14;2.14;0.45;6.48;1.35;1.19
2016-05-01;5.66;1.52;2.78;3.31;1.31;3.16;4.93;4.91;3.85;3.88;5.71;1.95;3.47;4.41;7.37;1.92;3.37;2.49;1.90;8.65;0.00;3.53;2.99;0.00;3.29;0.79;0.76;1.43;9.22;1.87;3.29
2016-06-01;2.66;2.30;1.81;1.78;0.34;1.61;3.14;3.88;4.77;5.32;2.51;2.47;2.08;2.70;5.22;1.46;3.62;2.69;0.47;7.12;0.02;9.33;2.00;0.01;5.42;1.75;6.48;0.84;5.09;2.85;7.95
2016-07-01;0.98;0.91;0.31;0.17;0.46;1.24;2.34;1.84;2.05;1.80;0.62;1.71;0.21;2.98;4.35;0.18;0.73;0.55;0.48;5.38;1.52;7.05;4.26;0.01;4.27;2.27;2.96;1.69;5.77;3.25;5.38
2016-08-01;0.61;1.65;0.41;0.58;0.15;0.52;1.03;1.71;1.54;0.93;0.70;2.63;0.57;0.98;2.12;0.50;1.44;1.12;0.47;2.49;3.89;2.20;1.88;0.00;8.73;2.41;3.47;1.81;7.35;3.23;7.23
2016-09-01;0.93;1.92;1.43;0.86;1.13;1.33;1.27;1.57;1.26;1.01;0.86;3.38;1.20;1.48;2.90;2.55;1.15;1.55;1.37;3.10;4.13;1.93;2.10;0.01;6.74;1.01;2.58;2.61;5.56;1.73;6.07
2016-10-01;1.15;1.70;1.24;1.57;3.62;1.84;3.27;3.37;1.89;1.97;1.01;8.35;1.37;2.52;2.11;1.56;1.23;1.00;3.86;2.47;0.00;0.88;2.61;0.01;2.99;1.75;1.51;3.49;8.30;1.10;2.36
2016-11-01;2.19;3.87;2.60;2.58;3.56;2.70;4.72;3.69;2.71;3.30;2.17;5.65;2.68;5.87;6.39;5.60;2.76;2.55;1.78;5.61;0.05;0.18;2.54;0.02;5.02;3.41;0.86;3.16;12.30;2.79;2.57
2016-12-01;0.70;0.83;0.46;0.38;1.20;0.20;0.53;0.75;0.28;0.31;0.70;6.31;0.44;1.14;0.22;2.58;0.55;0.39;1.75;0.06;0.00;1.92;2.54;0.14;2.90;3.94;2.27;2.59;6.17;1.34;0.67
2017-01-01;1.24;1.74;0.93;0.91;1.59;1.37;1.55;1.70;1.96;1.58;1.14;4.94;0.79;2.06;2.07;4.14;1.72;1.71;2.86;2.53;0.00;0.61;3.06;0.08;1.55;4.13;1.26;1.45;7.93;1.31;0.04
2017-02-01;1.82;3.58;2.64;2.95;1.02;2.62;1.51;2.41;2.29;2.95;1.94;5.82;2.55;2.00;3.58;4.12;1.79;2.26;3.65;3.60;0.01;0.00;1.79;0.18;1.34;3.80;3.65;2.45;6.63;1.16;0.20
2017-03-01;2.72;2.21;2.00;2.59;1.59;2.97;1.80;2.76;2.38;2.17;2.57;2.95;2.30;3.26;3.84;1.60;1.42;1.82;2.36;4.43;0.00;0.58;4.04;0.08;3.46;2.35;8.13;1.54;5.40;1.53;1.73
2017-04-01;0.69;0.62;0.80;0.83;1.69;1.35;2.04;1.86;1.68;0.76;0.72;6.75;0.67;2.32;2.30;0.53;0.52;0.80;0.96;2.34;0.00;0.44;3.36;0.11;3.75;2.03;2.09;1.00;11.18;2.38;1.56
2017-05-01;1.83;2.76;2.78;2.92;1.22;2.99;2.74;3.89;2.48;1.93;1.79;3.32;2.84;2.49;4.92;0.47;1.42;2.86;0.83;5.23;0.00;4.96;4.18;0.00;2.79;2.80;2.49;0.60;10.06;2.43;2.30
2017-06-01;1.75;1.80;1.41;3.20;0.16;2.77;2.61;3.10;2.24;1.75;1.72;3.79;2.94;2.86;5.57;0.78;0.94;2.04;1.34;4.77;0.06;2.99;3.75;0.00;2.96;1.69;4.18;0.68;4.14;2.46;4.61
2017-07-01;2.03;1.95;1.24;1.54;0.06;3.44;2.06;2.37;3.61;2.82;1.47;2.18;1.23;1.54;3.46;0.14;1.66;1.14;0.63;3.56;0.34;2.71;4.81;0.00;3.52;1.96;0.46;1.38;5.37;3.20;7.62
2017-08-01;3.04;1.81;1.41;1.92;0.08;2.11;4.26;3.51;2.79;1.48;2.37;2.94;1.02;2.57;3.34;0.07;3.11;1.83;0.89;3.63;4.05;6.27;3.07;0.00;3.92;2.97;0.93;1.31;8.66;1.59;5.43
2017-09-01;3.06;2.54;2.00;2.39;0.74;1.85;1.66;2.53;1.99;3.40;2.19;4.33;2.52;1.24;2.26;1.05;2.17;2.99;0.61;3.23;1.54;8.54;2.15;0.00;5.74;2.65;0.15;2.14;6.60;1.28;8.43
2017-10-01;1.15;1.98;0.97;0.52;0.09;0.52;0.67;0.53;2.14;1.59;1.05;2.04;0.50;0.43;1.24;0.63;1.14;1.05;1.17;1.95;0.00;3.31;4.47;0.00;15.52;1.85;1.87;1.45;6.91;2.62;3.19
2017-11-01;1.84;2.43;0.98;1.31;0.75;1.88;2.88;3.07;4.81;4.38;1.87;3.29;1.34;2.01;4.18;3.03;2.47;3.48;0.28;4.82;0.00;1.32;1.36;0.01;3.00;4.10;2.40;0.86;10.59;1.33;0.19
2017-12-01;2.71;3.97;2.65;4.03;1.85;3.28;3.76;3.96;3.42;3.71;2.91;3.17;3.89;3.01;7.68;6.98;3.43;3.64;1.10;8.29;0.00;0.50;1.80;0.02;0.67;3.23;3.82;2.06;5.50;2.35;0.03
2018-01-01;3.89;4.38;2.63;3.70;4.01;3.50;4.57;4.19;5.55;6.21;3.84;4.48;4.31;5.40;8.40;3.43;3.05;3.10;2.29;9.49;0.00;0.02;2.37;0.17;1.58;4.20;0.83;1.79;9.23;1.62;1.10
2018-02-01;2.51;2.67;1.95;2.36;2.03;3.63;2.05;2.61;1.84;1.36;2.36;7.09;2.29;2.03;3.21;5.01;1.12;1.51;2.47;3.45;0.03;1.02;5.79;0.28;2.45;2.91;2.25;2.36;1.73;1.71;1.33
2018-03-01;3.22;3.90;4.23;3.97;3.38;2.99;4.58;3.08;1.73;2.40;3.19;2.06;4.14;4.16;6.76;6.88;2.94;3.17;3.69;6.21;0.01;1.72;4.16;0.03;4.07;2.79;2.14;0.63;4.44;1.09;0.85
2018-04-01;2.95;2.04;2.90;3.07;3.23;3.05;1.75;2.02;1.33;2.26;3.01;3.75;3.10;3.94;2.30;1.85;2.90;3.00;3.48;2.14;0.00;0.56;3.43;0.02;2.37;2.09;1.10;0.83;5.74;1.36;2.03
2018-05-01;1.60;0.97;1.88;3.19;2.69;4.36;3.51;3.76;2.09;2.25;1.52;6.73;3.30;5.30;5.70;4.68;2.05;1.86;3.05;6.61;0.00;8.71;3.41;0.03;5.38;2.05;0.66;2.45;7.37;1.30;1.64
2018-06-01;2.66;1.99;3.26;3.07;1.62;2.39;2.07;2.16;1.57;1.58;2.86;4.07;2.98;3.09;4.26;1.90;0.39;1.55;1.33;4.66;0.14;5.54;2.33;0.01;6.81;1.28;4.53;1.11;7.75;1.82;7.88
2018-07-01;0.60;1.12;1.64;1.91;0.81;3.48;2.23;2.79;1.37;0.64;0.48;3.45;1.72;2.55;1.83;0.66;0.44;1.48;0.63;1.55;0.20;3.50;4.46;0.00;4.09;1.10;0.20;2.94;4.44;2.79;2.63
2018-08-01;1.56;1.18;1.16;1.17;1.11;1.50;1.41;1.06;1.53;1.16;1.48;2.83;0.81;1.31;2.86;1.67;2.68;1.89;0.98;3.77;1.72;3.89;4.51;0.01;2.71;1.96;0.68;2.04;3.53;0.62;7.45
2018-09-01;0.72;0.84;0.18;0.80;0.11;0.70;0.52;1.10;1.17;1.03;0.63;3.55;0.79;0.58;1.28;1.01;1.78;0.83;1.27;1.28;3.40;2.77;5.96;0.01;9.91;2.18;2.20;1.68;3.89;1.84;5.39
2018-10-01;0.89;2.19;1.12;1.81;6.71;3.19;2.89;2.27;0.94;0.66;0.94;4.98;1.58;4.06;3.73;6.55;1.23;1.62;5.78;2.65;0.03;3.32;2.78;0.02;1.89;2.30;4.20;1.71;10.80;1.30;4.13
2018-11-01;2.62;4.09;4.60;3.26;6.21;1.64;3.69;2.05;0.96;2.06;2.53;3.20;3.09;5.44;4.16;3.44;1.38;1.79;2.47;2.72;0.05;2.19;5.69;0.09;2.07;2.67;2.20;2.62;16.55;0.63;3.15
2018-12-01;2.64;4.47;3.18;2.59;1.13;1.82;2.80;1.52;4.15;3.83;2.85;3.57;2.42;1.53;7.11;2.33;2.63;2.13;0.94;8.10;0.00;0.33;4.07;0.14;1.33;2.85;1.75;3.09;8.71;1.50;0.25
2019-01-01;1.82;2.81;1.23;2.20;0.51;2.72;1.91;2.61;2.87;2.16;1.85;4.05;2.17;2.05;3.17;2.55;1.87;1.57;0.63;3.62;0.00;0.16;3.43;0.00;0.54;3.52;0.94;1.24;3.88;1.87;0.14
2019-02-01;1.67;2.37;1.70;1.09;0.79;1.59;1.49;0.98;1.05;0.92;1.64;3.40;0.86;1.52;4.06;3.04;2.01;1.74;0.72;2.86;0.00;0.21;2.79;0.37;2.32;3.27;2.77;0.82;1.67;1.30;0.67
2019-03-01;2.08;2.21;1.61;1.08;0.11;0.61;1.51;1.29;3.07;2.48;2.17;4.47;1.19;1.39;3.49;0.50;2.18;1.87;0.20;5.01;0.02;0.00;2.93;0.14;3.70;2.95;5.05;1.09;3.20;1.25;0.71
2019-04-01;1.14;2.09;2.42;2.66;2.72;2.54;2.70;2.10;2.55;2.43;1.16;3.48;2.61;4.10;3.99;2.34;1.55;1.11;2.75;4.13;0.00;0.98;3.79;0.14;3.68;3.95;0.58;2.29;6.26;0.93;0.62
2019-05-01;2.82;1.45;1.09;1.77;0.71;3.04;1.93;3.04;2.99;2.11;2.34;2.17;1.41;2.42;4.87;2.91;1.63;1.49;1.37;5.62;0.02;3.99;3.95;0.00;2.98;2.00;1.01;0.86;8.07;1.72;0.62
2019-06-01;2.58;3.13;2.41;2.32;0.18;1.34;3.19;3.21;2.30;1.80;2.56;0.80;2.39;3.37;4.25;0.08;2.45;3.10;0.95;4.28;0.00;5.08;4.35;0.01;6.34;2.06;4.06;0.38;10.83;2.54;4.00
2019-07-01;1.44;0.96;0.83;1.53;0.35;1.81;1.81;1.95;1.49;0.80;1.46;2.86;1.35;2.66;3.06;1.15;1.19;1.06;1.03;2.21;0.04;5.33;5.54;0.00;7.61;1.93;1.08;0.75;4.25;2.27;6.63
2019-08-01;1.95;2.50;1.09;1.28;0.30;3.40;3.30;2.21;2.57;1.65;2.16;1.96;1.05;2.64;3.30;0.85;1.32;1.79;0.61;3.04;6.57;4.85;2.97;0.00;2.70;2.24;2.88;2.62;2.46;3.21;4.33
2019-09-01;1.16;2.26;1.19;1.00;2.52;0.71;1.17;1.18;1.70;1.58;1.16;7.01;1.10;1.20;2.75;0.91;1.89;1.58;3.28;2.78;2.34;5.87;1.16;0.01;5.19;2.24;2.47;2.41;4.58;1.09;5.29
2019-10-01;4.00;5.88;3.33;3.29;3.99;2.43;4.05;3.26;3.93;3.45;3.77;3.44;3.32;6.04;5.27;1.09;2.91;4.21;6.48;5.43;2.34;7.76;4.52;0.45;11.27;2.01;1.06;0.55;7.03;1.81;5.11
2019-11-01;4.00;5.78;4.99;6.45;6.45;5.48;5.10;4.22;2.17;3.18;3.97;2.43;6.50;6.22;7.26;11.35;2.49;4.29;1.23;7.40;0.00;1.42;1.88;0.00;4.79;2.59;1.41;0.98;7.25;1.16;1.00
2019-12-01;3.56;4.12;4.12;3.24;2.61;3.72;3.62;2.90;2.94;3.86;3.31;3.69;3.14;4.03;8.08;5.90;3.09;3.55;2.05;7.60;0.00;0.93;4.97;0.20;2.11;3.94;0.44;0.70;10.11;1.45;0.13
2020-01-01;1.41;3.38;2.52;2.31;1.16;1.27;1.28;1.06;1.30;1.75;1.35;5.27;2.40;0.97;2.14;1.62;1.61;1.65;4.54;2.55;0.00;0.10;2.02;0.12;3.83;5.24;2.52;1.04;3.03;1.28;1.05
2020-02-01;3.41;4.35;2.86;1.78;0.43;1.16;1.84;1.30;5.53;5.42;3.85;3.36;2.03;1.01;5.22;1.26;3.71;3.63;0.07;7.12;0.00;0.00;3.27;0.49;1.16;3.75;10.35;1.08;2.18;1.46;0.39
2020-03-01;2.36;2.40;2.71;2.92;0.73;2.93;1.47;2.13;2.50;2.63;2.40;3.92;2.97;2.02;4.01;3.21;2.02;1.63;1.84;4.38;0.00;0.41;2.68;2.26;4.08;3.98;4.55;1.48;3.01;1.48;0.39
2020-04-01;0.81;2.49;2.29;3.64;2.17;2.71;1.31;2.03;0.48;0.77;0.83;3.33;4.08;3.23;2.06;3.19;0.97;1.51;4.63;1.93;0.00;1.66;4.44;0.01;6.26;1.76;2.40;1.00;8.30;1.27;1.06
2020-05-01;1.61;0.87;1.46;6.04;2.13;2.64;3.42;2.42;1.80;1.80;1.38;2.73;6.27;2.42;4.89;4.01;0.58;0.89;1.79;5.15;0.00;1.28;2.94;0.03;3.31;1.83;3.66;1.06;8.73;4.30;1.47
2020-06-01;2.14;3.82;3.19;3.07;1.19;3.49;2.56;4.24;3.19;3.47;1.72;3.14;2.71;3.24;5.49;2.69;2.04;3.19;1.41;5.95;0.00;3.87;2.82;0.00;6.89;1.61;2.63;1.62;12.52;3.29;1.92
2020-07-01;0.68;0.77;0.21;0.19;0.03;0.27;1.40;1.14;1.27;0.59;0.84;1.81;0.22;1.30;1.88;0.87;1.57;0.65;0.95;2.08;2.47;8.60;3.91;0.01;9.50;0.96;5.15;1.97;10.49;3.23;3.08
2020-08-01;1.46;2.80;2.13;2.24;0.21;1.17;2.61;2.72;2.94;1.14;1.49;3.92;2.12;1.83;4.10;0.33;1.66;2.48;1.19;4.43;2.77;4.60;3.31;0.00;0.75;2.43;2.24;1.85;5.33;1.43;6.40
2020-09-01;1.30;1.46;2.06;2.56;1.73;2.09;2.98;2.34;1.38;2.13;1.36;5.80;2.46;2.81;3.92;3.48;2.01;1.19;1.59;3.95;7.71;6.78;2.24;0.00;4.62;2.22;1.57;2.85;10.27;1.76;6.24
2020-10-01;4.32;4.27;4.06;4.93;1.08;3.37;4.31;3.38;2.84;3.09;4.05;1.88;4.83;3.30;6.62;5.08;3.86;3.07;1.06;6.26;0.75;3.69;3.49;0.00;8.03;2.81;5.91;0.59;5.35;1.60;0.28
2020-11-01;0.60;2.33;1.26;0.77;1.18;1.07;0.74;0.82;1.00;0.93;0.86;3.48;0.64;0.77;0.83;1.41;1.22;1.12;2.47;1.20;0.00;1.41;4.03;0.11;0.92;2.24;1.01;2.51;14.73;1.62;0.35
2020-12-01;4.99;6.87;4.40;5.45;1.90;5.20;4.75;4.40;3.52;4.31;4.80;3.86;5.39;3.30;6.07;7.76;3.37;4.32;1.18;6.13;0.00;1.96;3.98;0.04;0.76;3.70;4.23;1.38;4.85;1.11;0.39
2021-01-01;3.16;4.18;2.84;2.90;2.47;3.56;3.60;2.98;4.93;5.00;3.11;2.47;2.70;2.75;7.44;7.37;4.34;2.68;1.16;7.50;0.00;1.42;1.78;0.06;1.69;2.27;3.09;1.36;7.31;2.03;0.39
2021-02-01;1.90;3.83;2.31;3.14;1.53;2.23;2.22;2.67;2.07;2.27;1.81;2.53;3.29;2.13;3.39;3.34;1.70;1.62;1.83;3.21;0.00;0.30;4.61;0.40;1.69;3.06;2.83;1.57;0.31;2.21;0.10
2021-03-01;1.29;1.11;0.64;0.52;0.41;1.13;1.53;1.93;2.31;2.18;1.48;3.78;0.51;1.42;2.87;1.31;1.35;1.29;0.69;3.88;0.00;0.00;2.85;0.03;4.60;3.52;9.71;1.48;7.49;1.01;0.55
2021-04-01;1.05;0.33;0.80;0.80;2.06;1.07;1.75;1.77;1.47;1.72;1.18;2.87;0.66;2.24;3.89;2.20;0.88;0.93;1.52;3.53;0.00;2.80;2.89;0.01;3.47;2.77;0.91;1.47;7.61;2.50;1.56
2021-05-01;3.26;2.84;2.31;3.77;2.33;2.16;5.91;3.10;4.22;3.66;3.13;2.92;3.63;5.31;7.35;2.87;3.35;2.90;0.97;8.82;0.00;2.40;3.59;0.00;3.32;1.81;2.02;0.74;8.41;2.74;2.47
2021-06-01;3.61;2.09;3.81;4.68;0.45;2.35;3.19;6.07;3.92;3.85;3.75;3.58;4.38;2.51;4.77;0.74;4.59;5.13;0.62;5.64;0.21;2.75;2.41;0.00;4.79;1.08;2.50;1.12;7.48;2.10;9.28
2021-07-01;3.23;2.42;1.73;2.43;0.50;1.96;5.73;5.05;4.91;4.71;3.31;2.12;1.83;4.02;7.67;0.53;2.82;3.47;0.64;10.22;0.33;6.53;5.51;0.00;8.35;2.66;2.05;1.33;7.16;1.08;5.50
2021-08-01;1.51;1.27;1.00;0.81;0.54;0.81;1.72;1.45;2.67;1.93;1.91;1.91;0.92;1.07;3.02;0.36;2.58;1.69;0.75;4.59;5.73;5.14;5.89;0.00;6.96;2.77;1.77;1.67;9.65;2.68;7.09
2021-09-01;1.97;2.11;2.48;2.44;1.30;4.48;2.49;3.88;1.36;2.23;1.43;5.96;2.16;2.13;3.40;0.93;0.71;1.97;1.33;2.88;1.95;3.13;4.51;0.01;6.84;1.52;1.59;2.49;6.75;3.01;8.89
2021-10-01;2.70;4.27;4.11;1.21;3.57;1.32;3.59;2.18;2.14;1.96;3.07;3.34;1.08;4.97;2.57;1.59;4.23;3.10;0.80;2.97;0.02;8.32;5.12;0.01;5.34;2.28;2.31;1.23;6.35;1.10;2.65
2021-11-01;1.40;1.45;0.98;1.67;3.57;3.07;2.56;2.18;2.27;2.11;1.28;5.42;1.87;2.02;3.54;6.11;1.49;1.42;3.86;3.40;0.01;11.78;1.34;0.05;3.37;3.06;5.42;0.85;7.48;2.46;0.28
2021-12-01;2.75;3.06;2.84;3.87;1.75;4.00;3.71;2.77;3.20;2.87;2.91;3.03;3.93;2.36;7.65;5.93;3.15;2.76;1.23;8.28;0.04;0.45;1.63;0.23;2.77;2.50;2.33;0.99;7.41;2.22;0.24
2022-01-01;1.51;1.67;1.31;1.38;0.12;2.89;1.35;1.40;2.26;2.54;1.59;6.87;1.34;1.16;2.12;0.94;1.50;1.96;1.25;2.26;0.01;0.09;3.41;0.14;0.73;4.31;2.70;1.69;3.75;2.01;0.88
2022-02-01;1.16;2.45;1.03;0.76;1.01;1.14;1.60;1.24;2.75;2.21;1.24;4.94;0.73;1.46;3.69;1.93;1.96;1.40;0.17;4.57;0.00;0.01;3.13;0.33;2.44;2.80;6.93;0.89;5.04;1.05;0.57
2022-03-01;1.78;1.81;1.58;1.78;0.81;2.86;0.87;2.53;1.57;1.72;1.52;7.25;1.62;1.94;1.14;1.18;0.84;1.55;3.85;0.89;0.00;0.10;2.68;0.13;3.54;3.97;12.86;2.69;3.56;0.64;0.35
2022-04-01;2.14;1.46;1.72;2.85;1.24;3.03;2.31;2.33;3.47;2.62;1.90;2.36;3.09;2.28;4.21;3.59;1.79;1.29;3.61;4.72;0.00;0.99;4.10;0.00;5.89;1.67;5.92;0.84;5.81;2.70;0.82
2022-05-01;0.99;1.04;0.66;0.66;0.71;0.67;0.88;1.94;1.64;2.49;1.34;2.64;0.58;1.31;2.60;2.17;2.41;1.95;0.51;2.69;0.00;5.07;3.72;0.01;3.86;1.84;4.03;0.64;6.14;2.63;0.38
2022-06-01;3.30;2.73;2.28;4.17;0.78;2.87;4.86;6.09;4.06;3.97;3.13;2.31;3.90;3.39;4.45;0.10;2.44;2.50;0.70;5.23;0.45;5.18;1.80;0.00;2.73;2.30;0.84;1.38;10.05;1.28;3.83
2022-07-01;0.40;0.37;0.39;0.67;0.01;0.36;1.09;0.72;0.82;0.34;0.35;2.62;0.39;0.95;0.89;0.06;0.70;0.64;0.31;1.89;1.28;8.68;1.53;0.00;8.38;2.74;10.82;1.79;5.28;2.32;4.09
2022-08-01;0.87;1.44;0.77;1.12;2.39;0.40;2.17;2.60;1.23;1.15;0.75;3.29;1.16;1.70;3.66;0.93;0.35;2.13;1.45;2.03;6.99;6.54;1.67;0.00;5.15;1.89;2.07;2.19;12.04;0.45;4.45
2022-09-01;2.63;2.98;1.84;1.67;2.70;2.69;4.63;3.39;4.74;3.55;2.56;3.22;1.75;3.15;6.01;3.90;3.43;3.67;1.74;6.12;5.81;3.31;2.97;0.01;4.95;1.70;3.94;2.24;5.58;3.07;4.73
2022-10-01;2.66;2.46;2.23;2.27;0.65;0.63;1.81;1.60;3.13;2.78;2.69;2.93;2.20;2.28;2.98;0.67;2.14;2.78;0.81;2.98;0.73;4.48;4.21;0.13;4.07;2.50;5.08;0.97;11.79;2.24;3.12
2022-11-01;2.21;6.37;3.36;3.61;3.14;4.50;4.01;2.81;3.04;3.03;2.53;2.46;3.83;3.39;5.54;7.63;3.35;3.34;0.98;5.10;0.00;2.09;2.81;0.02;2.67;1.84;0.83;2.09;8.65;1.30;0.51
2022-12-01;2.26;6.13;2.87;2.44;3.61;1.29;3.79;2.01;3.04;2.27;2.56;1.17;2.23;2.95;4.74;5.71;2.94;2.79;0.81;6.06;0.15;2.73;3.19;0.13;1.76;3.85;1.16;1.75;7.60;3.83;0.56
2023-01-01;2.47;3.59;2.63;3.30;0.61;2.61;2.17;2.10;2.11;2.78;2.29;3.37;3.76;1.57;3.03;4.92;2.26;2.28;0.66;3.75;0.01;0.02;3.29;0.14;1.07;2.76;3.53;2.10;8.21;1.14;0.10
2023-02-01;0.16;0.46;0.58;1.77;1.41;0.81;0.38;0.78;1.15;0.62;0.13;6.80;1.76;1.02;0.68;1.57;0.23;0.30;1.28;0.51;0.00;0.00;1.56;0.21;1.68;3.66;4.35;2.77;4.01;1.40;0.16
2023-03-01;2.72;3.96;3.74;2.66;0.40;2.64;2.59;2.39;2.86;3.40;3.05;1.13;2.86;2.01;5.31;2.37;4.04;2.93;0.48;6.76;0.02;0.41;2.82;0.10;2.98;3.44;2.41;0.72;6.52;2.44;0.92
2023-04-01;2.32;2.12;2.16;2.09;0.22;2.69;2.90;2.45;2.77;2.98;2.29;4.53;1.91;1.86;3.83;2.01;2.14;2.29;0.41;5.44;0.02;1.20;3.62;0.04;3.41;2.51;3.57;2.56;5.80;1.32;1.21
2023-05-01;1.98;1.31;1.49;1.64;1.99;3.79;2.92;2.68;1.79;1.47;2.02;5.98;1.42;4.22;5.74;2.83;1.95;1.53;1.10;5.53;0.01;4.24;1.50;0.00;4.77;2.12;1.50;2.15;6.24;0.88;2.96
2023-06-01;2.26;1.86;1.08;4.18;1.23;3.69;2.49;3.87;1.32;0.54;2.12;4.12;2.75;5.75;5.30;2.15;1.01;1.94;1.28;4.25;0.00;3.46;3.04;0.02;9.60;1.49;0.73;0.80;8.14;1.51;0.88
2023-07-01;2.57;2.73;1.66;1.24;0.35;1.01;1.72;2.35;3.44;3.39;2.58;0.57;1.41;1.94;2.45;0.02;3.15;3.45;0.54;4.96;1.06;6.04;5.68;0.00;1.83;1.46;1.10;0.40;7.93;4.25;3.49
2023-08-01;2.73;2.70;1.29;0.97;1.34;1.12;1.76;2.44;3.30;3.74;3.14;2.33;1.00;2.03;4.21;1.16;1.97;2.62;0.85;4.37;6.61;0.85;3.67;0.01;2.73;2.38;2.05;2.46;8.30;1.88;4.23
2023-09-01;1.78;2.79;2.52;2.26;1.01;0.87;2.44;1.56;0.87;0.84;2.09;3.76;2.70;1.81;2.77;0.80;1.89;2.41;2.78;3.07;2.83;2.70;6.57;0.02;5.49;1.28;0.54;2.17;4.74;0.63;2.59
2023-10-01;3.56;4.00;3.89;4.85;1.62;1.90;5.87;3.25;3.06;4.59;3.71;4.55;5.33;4.97;6.32;3.95;3.58;2.91;0.69;6.32;0.16;1.96;2.96;0.02;3.77;2.58;1.04;1.16;5.73;3.21;3.15
2023-11-01;3.35;5.89;4.42;6.01;1.38;3.73;4.28;3.75;5.24;5.27;3.23;2.16;6.73;3.21;8.49;6.97;4.47;4.16;0.49;11.24;0.00;4.04;1.63;0.07;1.56;2.64;3.90;1.62;10.51;2.80;0.85
2023-12-01;2.31;3.87;2.88;3.31;1.45;2.12;3.13;2.09;3.90;2.95;2.62;3.09;3.91;2.20;7.24;3.09;2.45;1.88;0.55;7.52;0.00;0.50;5.61;0.05;1.40;2.45;2.75;1.60;10.35;2.44;2.00
2024-01-01;2.04;3.66;2.55;1.61;0.96;1.53;2.04;1.63;2.37;2.58;2.29;3.16;1.51;1.49;4.33;2.92;1.79;2.82;1.05;4.54;0.00;0.60;4.48;0.07;1.43;3.26;3.05;1.22;10.15;1.34;0.39
2024-02-01;2.96;4.79;3.45;4.35;2.28;2.82;2.56;2.28;2.79;3.53;3.24;2.61;5.15;2.82;3.15;5.17;4.11;3.25;2.02;2.87;0.00;0.00;2.43;0.05;3.80;2.46;3.08;1.32;2.49;1.62;0.59
2024-03-01;3.20;3.96;3.43;5.59;4.68;2.73;5.23;4.41;2.54;2.90;3.26;3.06;4.96;8.81;4.98;4.13;3.46;2.71;1.30;4.35;0.00;0.01;6.53;0.08;5.04;2.84;1.74;0.94;3.29;0.39;0.03
2024-04-01;3.03;2.30;2.73;1.79;1.37;1.73;3.82;2.82;3.02;2.99;3.04;1.86;1.82;3.76;3.86;0.72;2.99;1.79;1.92;4.35;0.00;0.02;3.31;0.01;4.09;3.88;4.95;0.64;9.49;2.07;0.55
2024-05-01;3.40;2.16;3.66;4.15;1.87;3.21;5.23;5.52;5.44;4.80;3.14;4.43;4.40;7.43;8.16;2.90;3.19;3.22;2.28;7.93;0.00;5.92;2.19;0.00;6.70;2.94;5.49;1.37;11.74;0.85;0.46
2024-06-01;2.62;1.24;3.15;4.10;0.56;2.63;3.86;5.34;4.17;3.11;2.30;2.52;3.24;3.37;4.61;1.21;1.87;1.42;0.33;6.69;0.08;5.30;3.52;0.00;10.83;0.86;5.29;1.14;9.91;3.54;4.81
2024-07-01;2.19;3.23;2.30;0.95;0.57;2.41;3.01;2.85;3.80;2.67;2.13;4.31;0.87;2.32;3.88;0.21;2.16;2.70;0.50;4.87;1.42;8.82;2.29;0.00;4.30;3.06;2.02;2.29;2.48;2.05;9.38
2024-08-01;2.07;1.49;1.21;1.59;0.77;1.82;1.79;1.28;2.35;1.38;1.56;3.41;2.11;1.59;2.26;0.53;2.27;1.11;0.25;2.50;6.90;6.40;4.11;0.00;4.18;1.52;1.02;2.88;7.87;2.08;5.88
2024-09-01;3.73;2.00;3.07;4.63;2.57;1.93;4.71;4.62;3.09;2.98;4.00;2.55;4.34;5.28;6.59;2.74;3.34;2.89;1.63;7.68;6.53;1.31;1.21;0.00;2.40;2.37;1.83;1.93;6.65;0.75;7.95
2024-10-01;4.18;3.56;4.44;3.89;3.29;4.22;3.72;2.96;2.58;2.45;3.84;3.85;4.09;5.64;4.61;5.13;2.21;2.89;1.87;4.20;0.62;7.96;0.38;0.00;4.80;2.31;2.13;2.97;5.27;2.52;3.14
2024-11-01;1.86;2.92;2.07;1.72;1.31;1.99;1.73;2.17;2.41;2.42;1.77;4.13;1.70;2.03;2.54;2.03;1.99;2.65;2.29;3.28;0.00;1.46;2.48;0.04;4.80;2.73;2.87;2.15;18.02;2.29;0.62
2024-12-01;1.61;1.78;0.92;2.14;0.58;2.49;2.66;2.45;2.04;2.15;1.75;4.70;1.96;2.14;5.83;2.83;1.69;1.68;1.27;5.57;0.06;2.17;3.48;0.01;0.16;2.85;0.67;0.90;5.84;1.65;0.72
